{"textures":{"0":"bil:item/snake/snake_hurt","1":"bil:item/snake/snake_hurt"},"elements":[{"from":[6.0,8.0,0.0],"to":[10.0,11.0,8.0],"faces":{"up":{"texture":"#0","tintindex":0,"uv":[6.0,8.0,4.0,4.0]},"west":{"texture":"#0","tintindex":0,"uv":[8.0,5.5,12.0,7.0]},"east":{"texture":"#0","tintindex":0,"uv":[12.0,5.5,8.0,7.0]},"south":{"texture":"#0","tintindex":0,"uv":[9.5,0.0,11.5,1.5]},"down":{"texture":"#0","tintindex":0,"uv":[8.0,4.0,6.0,8.0]},"north":{"texture":"#0","tintindex":0,"uv":[8.0,9.0,10.0,10.5]}},"rotation":{"axis":"y","angle":0.0,"origin":[8.0,7.0,16.0]}},{"from":[6.25,7.25,0.25],"to":[9.75,8.0,3.25],"faces":{"up":{"texture":"#0","tintindex":0,"uv":[0.0,0.0,0.0,0.0]},"west":{"texture":"#0","tintindex":0,"uv":[6.0,10.0,8.0,10.5]},"east":{"texture":"#0","tintindex":0,"uv":[9.5,3.5,11.5,4.0]},"south":{"texture":"#0","tintindex":0,"uv":[0.0,0.0,0.0,0.0]},"down":{"texture":"#0","tintindex":0,"uv":[0.0,0.0,0.0,0.0]},"north":{"texture":"#0","tintindex":0,"uv":[0.0,0.0,0.0,0.0]}},"rotation":{"axis":"y","angle":0.0,"origin":[8.0,7.0,16.0]}}],"display":{"head":{"rotation":[0.0,180.0,0.0]}}}