{"textures":{"0":"bil:item/snake/snake","1":"bil:item/snake/snake_hurt"},"elements":[{"from":[6.0,8.0,8.0],"to":[10.0,12.0,23.0],"faces":{"up":{"texture":"#0","tintindex":0,"uv":[2.0,11.5,0.0,4.0]},"west":{"texture":"#0","tintindex":0,"uv":[0.0,2.0,7.5,4.0]},"east":{"texture":"#0","tintindex":0,"uv":[0.0,0.0,7.5,2.0]},"south":{"texture":"#0","tintindex":0,"uv":[8.0,7.0,10.0,9.0]},"down":{"texture":"#0","tintindex":0,"uv":[4.0,4.0,2.0,11.5]},"north":{"texture":"#0","tintindex":0,"uv":[6.0,8.0,8.0,10.0]}},"rotation":{"axis":"y","angle":0.0,"origin":[8.0,8.0,8.0]}}],"display":{"head":{"rotation":[0.0,180.0,0.0]}}}