{"textures":{"0":"bil:item/penguin/penguin_hurt","1":"bil:item/penguin/penguin_hurt"},"elements":[{"from":[3.9,8.9,3.9],"to":[12.1,15.1,12.1],"faces":{"up":{"texture":"#0","tintindex":0,"uv":[4.0,6.25,2.0,4.25]},"west":{"texture":"#0","tintindex":0,"uv":[4.0,6.25,6.0,7.75]},"east":{"texture":"#0","tintindex":0,"uv":[0.0,6.25,2.0,7.75]},"south":{"texture":"#0","tintindex":0,"uv":[6.0,6.25,8.0,7.75]},"down":{"texture":"#0","tintindex":0,"uv":[6.0,4.25,4.0,6.25]},"north":{"texture":"#0","tintindex":0,"uv":[2.0,6.25,4.0,7.75]}},"rotation":{"axis":"y","angle":0.0,"origin":[8.0,0.0,8.0]}},{"from":[7.0,9.0,2.0],"to":[9.0,11.0,4.0],"faces":{"up":{"texture":"#0","tintindex":0,"uv":[1.0,0.5,0.5,0.0]},"west":{"texture":"#0","tintindex":0,"uv":[1.0,0.5,1.5,1.0]},"east":{"texture":"#0","tintindex":0,"uv":[0.0,0.5,0.5,1.0]},"south":{"texture":"#0","tintindex":0,"uv":[1.5,0.5,2.0,1.0]},"down":{"texture":"#0","tintindex":0,"uv":[1.5,0.0,1.0,0.5]},"north":{"texture":"#0","tintindex":0,"uv":[0.5,0.5,1.0,1.0]}},"rotation":{"axis":"y","angle":0.0,"origin":[8.0,0.0,8.0]}}],"display":{"head":{"rotation":[0.0,180.0,0.0]}}}