{"textures":{"0":"bil:item/penguin/penguin_hurt","1":"bil:item/penguin/penguin_hurt"},"elements":[{"from":[4.01,8.01,4.01],"to":[11.99,16.99,11.99],"faces":{"up":{"texture":"#0","tintindex":0,"uv":[4.0,2.0,2.0,0.0]},"west":{"texture":"#0","tintindex":0,"uv":[4.0,2.0,6.0,4.25]},"east":{"texture":"#0","tintindex":0,"uv":[0.0,2.0,2.0,4.25]},"south":{"texture":"#0","tintindex":0,"uv":[6.0,2.0,8.0,4.25]},"down":{"texture":"#0","tintindex":0,"uv":[6.0,0.0,4.0,2.0]},"north":{"texture":"#0","tintindex":0,"uv":[2.0,2.0,4.0,4.25]}},"rotation":{"axis":"y","angle":0.0,"origin":[8.0,8.0,8.0]}},{"from":[9.0,8.0,2.0],"to":[12.0,8.0,5.0],"faces":{"up":{"texture":"#0","tintindex":0,"uv":[6.75,1.0,6.0,0.25]},"west":{"texture":"#0","tintindex":0,"uv":[6.75,1.0,7.5,1.0]},"east":{"texture":"#0","tintindex":0,"uv":[5.25,1.0,6.0,1.0]},"south":{"texture":"#0","tintindex":0,"uv":[7.5,1.0,8.25,1.0]},"down":{"texture":"#0","tintindex":0,"uv":[6.75,0.25,6.0,1.0]},"north":{"texture":"#0","tintindex":0,"uv":[6.0,1.0,6.75,1.0]}},"rotation":{"axis":"y","angle":0.0,"origin":[8.0,8.0,8.0]}},{"from":[4.0,8.0,2.0],"to":[7.0,8.0,5.0],"faces":{"up":{"texture":"#0","tintindex":0,"uv":[6.75,1.0,6.0,0.25]},"west":{"texture":"#0","tintindex":0,"uv":[6.75,0.75,7.5,0.75]},"east":{"texture":"#0","tintindex":0,"uv":[5.25,0.75,6.0,0.75]},"south":{"texture":"#0","tintindex":0,"uv":[7.5,0.75,8.25,0.75]},"down":{"texture":"#0","tintindex":0,"uv":[6.75,0.25,6.0,1.0]},"north":{"texture":"#0","tintindex":0,"uv":[6.0,0.75,6.75,0.75]}},"rotation":{"axis":"y","angle":0.0,"origin":[8.0,8.0,8.0]}}],"display":{"head":{"rotation":[0.0,180.0,0.0]}}}