{
	"credit": "Made with Blockbench",
	"textures": {
		"0": "arcananovum:item/brain_jar",
		"particle": "arcananovum:item/brain_jar"
	},
	"elements": [
		{
			"from": [4, 3, 4],
			"to": [12, 11, 12],
			"faces": {
				"north": {"uv": [2, 2, 4, 4], "texture": "#0"},
				"east": {"uv": [0, 2, 2, 4], "texture": "#0"},
				"south": {"uv": [2, 0, 4, 2], "texture": "#0"},
				"west": {"uv": [4, 2, 6, 4], "texture": "#0"},
				"up": {"uv": [0, 0, 2, 2], "texture": "#0"},
				"down": {"uv": [4, 0, 6, 2], "texture": "#0"}
			}
		},
		{
			"from": [2, 0, 2],
			"to": [14, 16, 14],
			"faces": {
				"north": {"uv": [0, 4, 3, 7.75], "texture": "#0"},
				"east": {"uv": [0, 4, 3, 7.75], "texture": "#0"},
				"south": {"uv": [0, 4, 3, 7.75], "texture": "#0"},
				"west": {"uv": [0, 4, 3, 7.75], "texture": "#0"},
				"up": {"uv": [0, 4, 3, 7.75], "texture": "#0"},
				"down": {"uv": [3, 4, 6, 7], "texture": "#0"}
			}
		},
		{
			"from": [4, 15, 4],
			"to": [12, 17, 12],
			"faces": {
				"north": {"uv": [9.25, 1, 10, 3], "rotation": 90, "texture": "#0"},
				"east": {"uv": [6, 1, 6.75, 3], "rotation": 90, "texture": "#0"},
				"south": {"uv": [7, 0, 9, 0.75], "texture": "#0"},
				"west": {"uv": [7, 3.25, 9, 4], "texture": "#0"},
				"up": {"uv": [7, 1, 9, 3], "texture": "#0"},
				"down": {"uv": [7, 1, 9, 3], "texture": "#0"}
			}
		},
		{
			"from": [3, 1, 3],
			"to": [13, 14, 13],
			"faces": {
				"north": {"uv": [6, 4, 8.5, 6.5], "texture": "#0"},
				"east": {"uv": [6, 4, 8.5, 7.25], "texture": "#0"},
				"south": {"uv": [6, 4, 8.5, 7.25], "texture": "#0"},
				"west": {"uv": [6, 4, 8.5, 7.25], "texture": "#0"},
				"up": {"uv": [6, 4, 8.5, 6.5], "texture": "#0"},
				"down": {"uv": [6, 4, 8.5, 7.25], "texture": "#0"}
			}
		},
		{
			"from": [5, 10, 5],
			"to": [11, 12, 11],
			"faces": {
				"north": {"uv": [14, 0.25, 15.5, 0.5], "texture": "#0"},
				"east": {"uv": [14.25, 0, 14.5, 1.5], "rotation": 90, "texture": "#0"},
				"south": {"uv": [14, 1.5, 15.5, 1.25], "texture": "#0"},
				"west": {"uv": [15, 0, 15.25, 1.5], "rotation": 90, "texture": "#0"},
				"up": {"uv": [14, 0, 15.5, 1.5], "texture": "#0"},
				"down": {"uv": [14, 0, 15.5, 1.5], "texture": "#0"}
			}
		}
	],
	"gui_light": "front",
	"display": {
		"thirdperson_righthand": {
			"rotation": [75, 45, 0],
			"translation": [0, 2.5, 0],
			"scale": [0.375, 0.375, 0.375]
		},
		"thirdperson_lefthand": {
			"rotation": [75, 45, 0],
			"translation": [0, 2.5, 0],
			"scale": [0.375, 0.375, 0.375]
		},
		"firstperson_righthand": {
			"rotation": [0, 135, 0],
			"translation": [0, 2.25, 0],
			"scale": [0.4, 0.4, 0.4]
		},
		"firstperson_lefthand": {
			"rotation": [0, 135, 0],
			"translation": [0, 2.25, 0],
			"scale": [0.4, 0.4, 0.4]
		},
		"ground": {
			"translation": [0, 3, 0],
			"scale": [0.4, 0.4, 0.4]
		},
		"gui": {
			"rotation": [30, 225, 0],
			"scale": [0.625, 0.625, 0.625]
		},
		"head": {
			"translation": [0, 1.75, 0],
			"scale": [1.4, 1.4, 1.4]
		},
		"fixed": {
			"translation": [0, 0, 1.5]
		}
	}
}