{
	"credit": "Made with Blockbench",
	"texture_size": [64, 64],
	"textures": {
		"0": "arcananovum:item/chest_translocator",
		"particle": "arcananovum:item/chest_translocator"
	},
	"elements": [
		{
			"from": [-0.25, -0.25, -0.25],
			"to": [16.25, 2.25, 16.25],
			"faces": {
				"north": {"uv": [12, 0.75, 16, 1.25], "texture": "#0"},
				"east": {"uv": [12, 1.25, 16, 1.75], "texture": "#0"},
				"south": {"uv": [12, 1.75, 16, 2.25], "texture": "#0"},
				"west": {"uv": [12, 2.25, 16, 2.75], "texture": "#0"},
				"up": {"uv": [12, 0, 16, 4], "texture": "#0"},
				"down": {"uv": [12, 0, 16, 4], "texture": "#0"}
			}
		},
		{
			"from": [6, 2, 3],
			"to": [10, 3, 13],
			"faces": {
				"north": {"uv": [7, 3.25, 8, 3.5], "texture": "#0"},
				"east": {"uv": [7.75, 3.25, 8, 5.75], "rotation": 90, "texture": "#0"},
				"south": {"uv": [7, 5.5, 8, 5.75], "texture": "#0"},
				"west": {"uv": [7, 3.25, 7.25, 5.75], "rotation": 90, "texture": "#0"},
				"up": {"uv": [7, 3.25, 8, 5.75], "texture": "#0"}
			}
		},
		{
			"from": [2, 2, 2],
			"to": [14, 2.5, 14],
			"faces": {
				"up": {"uv": [12.5, 0.5, 15.5, 3.5], "texture": "#0"}
			}
		},
		{
			"from": [5, 2, 4],
			"to": [6, 3, 12],
			"faces": {
				"north": {"uv": [6.75, 3.5, 7, 3.75], "texture": "#0"},
				"south": {"uv": [6.75, 5.25, 7, 5.5], "texture": "#0"},
				"west": {"uv": [6.75, 3.5, 7, 5.5], "rotation": 90, "texture": "#0"},
				"up": {"uv": [6.75, 3.5, 7, 5.5], "texture": "#0"}
			}
		},
		{
			"from": [10, 2, 4],
			"to": [11, 3, 12],
			"faces": {
				"north": {"uv": [8, 3.5, 8.25, 3.75], "texture": "#0"},
				"east": {"uv": [8, 3.5, 8.25, 5.5], "rotation": 90, "texture": "#0"},
				"south": {"uv": [8, 5.25, 8.25, 5.5], "texture": "#0"},
				"up": {"uv": [8, 3.5, 8.25, 5.5], "texture": "#0"}
			}
		},
		{
			"from": [4, 2, 5],
			"to": [5, 3, 11],
			"faces": {
				"north": {"uv": [6.5, 5, 6.75, 5.25], "texture": "#0"},
				"south": {"uv": [6.5, 3.75, 6.75, 4], "texture": "#0"},
				"west": {"uv": [6.5, 3.75, 6.75, 5.25], "rotation": 90, "texture": "#0"},
				"up": {"uv": [6.5, 3.75, 6.75, 5.25], "texture": "#0"}
			}
		},
		{
			"from": [3, 2, 6],
			"to": [4, 3, 10],
			"faces": {
				"north": {"uv": [6.25, 4.25, 6.5, 4.5], "texture": "#0"},
				"south": {"uv": [6.25, 4.5, 6.5, 4.75], "texture": "#0"},
				"west": {"uv": [6.25, 4, 6.5, 5], "rotation": 90, "texture": "#0"},
				"up": {"uv": [6.25, 4, 6.5, 5], "texture": "#0"}
			}
		},
		{
			"from": [12, 2, 6],
			"to": [13, 3, 10],
			"faces": {
				"north": {"uv": [8.5, 4, 8.75, 4.25], "texture": "#0"},
				"east": {"uv": [8.5, 4, 8.75, 5], "rotation": 90, "texture": "#0"},
				"south": {"uv": [8.5, 4.75, 8.75, 5], "texture": "#0"},
				"up": {"uv": [8.5, 4, 8.75, 5], "texture": "#0"}
			}
		},
		{
			"from": [11, 2, 5],
			"to": [12, 3, 11],
			"faces": {
				"north": {"uv": [8.25, 3.75, 8.5, 4], "texture": "#0"},
				"east": {"uv": [8.25, 3.75, 8.5, 5.25], "rotation": 90, "texture": "#0"},
				"south": {"uv": [8.25, 5, 8.5, 5.25], "texture": "#0"},
				"up": {"uv": [8.25, 3.75, 8.5, 5.25], "texture": "#0"}
			}
		},
		{
			"from": [0, 2, 0],
			"to": [14, 6, 2],
			"faces": {
				"north": {"uv": [12.5, 7, 16, 8], "texture": "#0"},
				"south": {"uv": [12.5, 7, 16, 8], "texture": "#0"},
				"west": {"uv": [12, 7, 12.5, 8], "texture": "#0"},
				"up": {"uv": [12.5, 4, 16, 4.5], "texture": "#0"}
			}
		},
		{
			"from": [2, 2, 14],
			"to": [16, 6, 16],
			"faces": {
				"north": {"uv": [12.5, 7, 16, 8], "texture": "#0"},
				"east": {"uv": [12, 7, 12.5, 8], "texture": "#0"},
				"south": {"uv": [12.5, 7, 16, 8], "texture": "#0"},
				"up": {"uv": [12.5, 4, 16, 4.5], "texture": "#0"}
			}
		},
		{
			"from": [14, 2, 0],
			"to": [16, 6, 14],
			"faces": {
				"north": {"uv": [12, 7, 12.5, 8], "texture": "#0"},
				"east": {"uv": [12.5, 7, 16, 8], "texture": "#0"},
				"west": {"uv": [12.5, 7, 16, 8], "texture": "#0"},
				"up": {"uv": [12.5, 4, 16, 4.5], "rotation": 270, "texture": "#0"}
			}
		},
		{
			"from": [0, 2, 2],
			"to": [2, 6, 16],
			"faces": {
				"east": {"uv": [12.5, 7, 16, 8], "texture": "#0"},
				"south": {"uv": [12, 7, 12.5, 8], "texture": "#0"},
				"west": {"uv": [12.5, 7, 16, 8], "texture": "#0"},
				"up": {"uv": [12.5, 4, 16, 4.5], "rotation": 270, "texture": "#0"}
			}
		},
		{
			"from": [2, 6, 0],
			"to": [4, 8, 2],
			"faces": {
				"north": {"uv": [15, 6.5, 15.5, 7], "texture": "#0"},
				"east": {"uv": [13.5, 6.5, 14, 7], "texture": "#0"},
				"south": {"uv": [13.5, 6.5, 14, 7], "texture": "#0"},
				"west": {"uv": [13.5, 6.5, 14, 7], "texture": "#0"},
				"up": {"uv": [13.5, 6.5, 14, 7], "texture": "#0"}
			}
		},
		{
			"from": [0, 6, 0],
			"to": [2, 10, 2],
			"faces": {
				"north": {"uv": [15.5, 6, 16, 7], "texture": "#0"},
				"east": {"uv": [13.5, 6, 14, 7], "texture": "#0"},
				"south": {"uv": [13.5, 6, 14, 7], "texture": "#0"},
				"west": {"uv": [12, 6, 12.5, 7], "texture": "#0"},
				"up": {"uv": [13.5, 6, 14, 6.5], "texture": "#0"}
			}
		},
		{
			"from": [0, 6, 2],
			"to": [2, 8, 4],
			"faces": {
				"north": {"uv": [13.5, 6.5, 14, 7], "texture": "#0"},
				"east": {"uv": [13.5, 6.5, 14, 7], "texture": "#0"},
				"south": {"uv": [13.5, 6.5, 14, 7], "texture": "#0"},
				"west": {"uv": [12.5, 6.5, 13, 7], "texture": "#0"},
				"up": {"uv": [13.5, 6.5, 14, 7], "texture": "#0"}
			}
		},
		{
			"from": [0, 6, 12],
			"to": [2, 8, 14],
			"rotation": {"angle": 0, "axis": "y", "origin": [2, 7.5, 14]},
			"faces": {
				"north": {"uv": [13, 6.5, 13.5, 7], "texture": "#0"},
				"east": {"uv": [13.75, 6.5, 14.25, 7], "texture": "#0"},
				"south": {"uv": [13.25, 6.5, 13.75, 7], "texture": "#0"},
				"west": {"uv": [15, 6.5, 15.5, 7], "texture": "#0"},
				"up": {"uv": [12.75, 6.5, 13.25, 7], "rotation": 270, "texture": "#0"}
			}
		},
		{
			"from": [0, 6, 14],
			"to": [2, 10, 16],
			"rotation": {"angle": 0, "axis": "y", "origin": [2, 7.5, 14]},
			"faces": {
				"north": {"uv": [14.75, 6, 15.25, 7], "texture": "#0"},
				"east": {"uv": [14.75, 6, 15.25, 7], "texture": "#0"},
				"south": {"uv": [12, 6, 12.5, 7], "texture": "#0"},
				"west": {"uv": [15.5, 6, 16, 7], "texture": "#0"},
				"up": {"uv": [14.75, 6, 15.25, 6.5], "rotation": 270, "texture": "#0"}
			}
		},
		{
			"from": [2, 6, 14],
			"to": [4, 8, 16],
			"rotation": {"angle": 0, "axis": "y", "origin": [2, 7.5, 14]},
			"faces": {
				"north": {"uv": [15.25, 6.5, 15.75, 7], "texture": "#0"},
				"east": {"uv": [13, 6.5, 13.5, 7], "texture": "#0"},
				"south": {"uv": [12.5, 6.5, 13, 7], "texture": "#0"},
				"west": {"uv": [13.5, 6.5, 14, 7], "texture": "#0"},
				"up": {"uv": [14.25, 6.5, 14.75, 7], "rotation": 270, "texture": "#0"}
			}
		},
		{
			"from": [12, 6, 14],
			"to": [14, 8, 16],
			"rotation": {"angle": 0, "axis": "y", "origin": [14, 7.5, 14]},
			"faces": {
				"north": {"uv": [12, 6.5, 12.5, 7], "texture": "#0"},
				"east": {"uv": [14, 6.5, 14.5, 7], "texture": "#0"},
				"south": {"uv": [15, 6.5, 15.5, 7], "texture": "#0"},
				"west": {"uv": [13.5, 6.5, 14, 7], "texture": "#0"},
				"up": {"uv": [12.75, 6.5, 13.25, 7], "rotation": 180, "texture": "#0"}
			}
		},
		{
			"from": [14, 6, 14],
			"to": [16, 10, 16],
			"rotation": {"angle": 0, "axis": "y", "origin": [14, 7.5, 14]},
			"faces": {
				"north": {"uv": [14, 5.75, 14.5, 6.75], "texture": "#0"},
				"east": {"uv": [12, 6, 12.5, 7], "texture": "#0"},
				"south": {"uv": [15.5, 6, 16, 7], "texture": "#0"},
				"west": {"uv": [14, 5.75, 14.5, 6.75], "texture": "#0"},
				"up": {"uv": [14, 5.75, 14.5, 6.25], "rotation": 180, "texture": "#0"}
			}
		},
		{
			"from": [14, 6, 12],
			"to": [16, 8, 14],
			"rotation": {"angle": 0, "axis": "y", "origin": [14, 7.5, 14]},
			"faces": {
				"north": {"uv": [13.5, 6.5, 14, 7], "texture": "#0"},
				"east": {"uv": [12.5, 6.5, 13, 7], "texture": "#0"},
				"south": {"uv": [13, 6.5, 13.5, 7], "texture": "#0"},
				"west": {"uv": [15, 6.5, 15.5, 7], "texture": "#0"},
				"up": {"uv": [14.25, 6.5, 14.75, 7], "rotation": 180, "texture": "#0"}
			}
		},
		{
			"from": [14, 6, 2],
			"to": [16, 8, 4],
			"rotation": {"angle": 0, "axis": "y", "origin": [14, 7.5, 2]},
			"faces": {
				"north": {"uv": [14, 6.25, 14.5, 6.75], "texture": "#0"},
				"east": {"uv": [15, 6.25, 15.5, 6.75], "texture": "#0"},
				"south": {"uv": [14, 6.25, 14.5, 6.75], "texture": "#0"},
				"west": {"uv": [14, 6.25, 14.5, 6.75], "texture": "#0"},
				"up": {"uv": [14, 6.25, 14.5, 6.75], "rotation": 90, "texture": "#0"}
			}
		},
		{
			"from": [14, 6, 0],
			"to": [16, 10, 2],
			"rotation": {"angle": 0, "axis": "y", "origin": [14, 7.5, 2]},
			"faces": {
				"north": {"uv": [12, 6, 12.5, 7], "texture": "#0"},
				"east": {"uv": [15.5, 6, 16, 7], "texture": "#0"},
				"south": {"uv": [13.5, 6, 14, 7], "texture": "#0"},
				"west": {"uv": [12.5, 6, 13, 7], "texture": "#0"},
				"up": {"uv": [13, 6, 13.5, 6.5], "rotation": 90, "texture": "#0"}
			}
		},
		{
			"from": [12, 6, 0],
			"to": [14, 8, 2],
			"rotation": {"angle": 0, "axis": "y", "origin": [14, 7.5, 2]},
			"faces": {
				"north": {"uv": [12.5, 6.5, 13, 7], "texture": "#0"},
				"east": {"uv": [14.5, 6.5, 15, 7], "texture": "#0"},
				"south": {"uv": [15.5, 6.5, 16, 7], "texture": "#0"},
				"west": {"uv": [13.5, 6.5, 14, 7], "texture": "#0"},
				"up": {"uv": [13, 6.5, 13.5, 7], "rotation": 90, "texture": "#0"}
			}
		},
		{
			"from": [1.25, 3.75, -0.25],
			"to": [16.25, 5.25, 1.25],
			"faces": {
				"north": {"uv": [12.25, 1.75, 15.875, 2], "texture": "#0"},
				"east": {"uv": [12.25, 1.75, 12.5, 2], "texture": "#0"},
				"south": {"uv": [12.25, 1.75, 15.875, 2], "texture": "#0"},
				"west": {"uv": [12.25, 1.75, 12.5, 2], "texture": "#0"},
				"up": {"uv": [12.25, 1.75, 15.875, 2], "texture": "#0"},
				"down": {"uv": [12.25, 1.75, 15.875, 2], "texture": "#0"}
			}
		},
		{
			"from": [-0.25, 3.75, 14.75],
			"to": [14.75, 5.25, 16.25],
			"faces": {
				"north": {"uv": [12.25, 1.75, 15.875, 2], "texture": "#0"},
				"east": {"uv": [12.25, 1.75, 12.5, 2], "texture": "#0"},
				"south": {"uv": [12.25, 1.75, 15.875, 2], "texture": "#0"},
				"west": {"uv": [12.25, 1.75, 12.5, 2], "texture": "#0"},
				"up": {"uv": [12.25, 1.75, 15.875, 2], "texture": "#0"},
				"down": {"uv": [12.25, 1.75, 15.875, 2], "texture": "#0"}
			}
		},
		{
			"from": [14.75, 3.75, 1.25],
			"to": [16.25, 5.25, 16.25],
			"faces": {
				"north": {"uv": [12.25, 1.75, 12.5, 2], "texture": "#0"},
				"east": {"uv": [12.25, 1.75, 15.875, 2], "texture": "#0"},
				"south": {"uv": [12.25, 1.75, 12.5, 2], "texture": "#0"},
				"west": {"uv": [12.25, 1.75, 15.875, 2], "texture": "#0"},
				"up": {"uv": [12.25, 1.75, 15.875, 2], "rotation": 270, "texture": "#0"},
				"down": {"uv": [12.25, 1.75, 15.875, 2], "rotation": 90, "texture": "#0"}
			}
		},
		{
			"from": [-0.25, 3.75, -0.25],
			"to": [1.25, 5.25, 14.75],
			"faces": {
				"north": {"uv": [12.25, 1.75, 12.5, 2], "texture": "#0"},
				"east": {"uv": [12.25, 1.75, 15.875, 2], "texture": "#0"},
				"south": {"uv": [12.25, 1.75, 12.5, 2], "texture": "#0"},
				"west": {"uv": [12.25, 1.75, 15.875, 2], "texture": "#0"},
				"up": {"uv": [12.25, 1.75, 15.875, 2], "rotation": 270, "texture": "#0"},
				"down": {"uv": [12.25, 1.75, 15.875, 2], "rotation": 90, "texture": "#0"}
			}
		}
	],
	"display": {
		"thirdperson_righthand": {
			"rotation": [75, 45, 0],
			"translation": [0, 2.5, 0],
			"scale": [0.375, 0.375, 0.375]
		},
		"thirdperson_lefthand": {
			"rotation": [75, 45, 0],
			"translation": [0, 2.5, 0],
			"scale": [0.375, 0.375, 0.375]
		},
		"firstperson_righthand": {
			"rotation": [0, 45, 0],
			"scale": [0.4, 0.4, 0.4]
		},
		"firstperson_lefthand": {
			"rotation": [0, 225, 0],
			"scale": [0.4, 0.4, 0.4]
		},
		"ground": {
			"translation": [0, 3, 0],
			"scale": [0.4, 0.4, 0.4]
		},
		"gui": {
			"rotation": [30, 225, 0],
			"scale": [0.625, 0.625, 0.625]
		},
		"fixed": {
			"translation": [0, 0, 1.5]
		}
	},
	"groups": [
		{
			"name": "group",
			"origin": [0, 0, 0],
			"color": 9,
			"nbt": "{}",
			"children": [
				0,
				{
					"name": "group",
					"origin": [0, 0, 0],
					"color": 0,
					"nbt": "{}",
					"children": [1, 2, 3, 4, 5, 6, 7, 8]
				},
				{
					"name": "group",
					"origin": [0, 0, 0],
					"color": 0,
					"nbt": "{}",
					"children": [9, 10, 11, 12]
				},
				{
					"name": "group",
					"origin": [0, 0, 0],
					"color": 9,
					"nbt": "{}",
					"children": [13, 14, 15]
				},
				{
					"name": "group",
					"origin": [0, 0, 0],
					"color": 9,
					"nbt": "{}",
					"children": [16, 17, 18]
				},
				{
					"name": "group",
					"origin": [0, 0, 0],
					"color": 9,
					"nbt": "{}",
					"children": [19, 20, 21]
				},
				{
					"name": "group",
					"origin": [0, 0, 0],
					"color": 9,
					"nbt": "{}",
					"children": [22, 23, 24]
				},
				{
					"name": "group",
					"origin": [0, 0, 0],
					"color": 0,
					"nbt": "{}",
					"children": [25, 26, 27, 28]
				}
			]
		}
	]
}