{
	"credit": "Made with Blockbench",
	"texture_size": [32, 32],
	"textures": {
		"0": "arcananovum:item/nul_memento",
		"particle": "arcananovum:item/nul_memento"
	},
	"elements": [
		{
			"from": [4, 7, 5],
			"to": [5, 13, 11],
			"faces": {
				"north": {"uv": [8, 8.5, 8.5, 11.5], "texture": "#0"},
				"east": {"uv": [4, 0, 7, 3], "texture": "#0"},
				"south": {"uv": [8.5, 8.5, 9, 11.5], "texture": "#0"},
				"west": {"uv": [4, 3, 7, 6], "texture": "#0"},
				"up": {"uv": [4.5, 12, 4, 9], "texture": "#0"},
				"down": {"uv": [5, 9, 4.5, 12], "texture": "#0"}
			}
		},
		{
			"from": [4, 9, 4],
			"to": [7, 13, 5],
			"faces": {
				"north": {"uv": [7, 3, 8.5, 5], "texture": "#0"},
				"east": {"uv": [2.5, 10, 3, 12], "texture": "#0"},
				"south": {"uv": [7, 5, 8.5, 7], "texture": "#0"},
				"west": {"uv": [7, 10, 7.5, 12], "texture": "#0"},
				"up": {"uv": [13, 9.5, 11.5, 9], "texture": "#0"},
				"down": {"uv": [13, 9.5, 11.5, 10], "texture": "#0"}
			}
		},
		{
			"from": [7, 12, 4],
			"to": [8, 13, 5],
			"faces": {
				"north": {"uv": [8, 12.5, 8.5, 13], "texture": "#0"},
				"east": {"uv": [8.5, 12.5, 9, 13], "texture": "#0"},
				"south": {"uv": [9, 12.5, 9.5, 13], "texture": "#0"},
				"west": {"uv": [12.5, 11.5, 13, 12], "texture": "#0"},
				"up": {"uv": [12.5, 13, 12, 12.5], "texture": "#0"},
				"down": {"uv": [13, 12, 12.5, 12.5], "texture": "#0"}
			}
		},
		{
			"from": [7, 8, 4],
			"to": [9, 10, 5],
			"faces": {
				"north": {"uv": [10.5, 0, 11.5, 1], "texture": "#0"},
				"east": {"uv": [6.5, 12, 7, 13], "texture": "#0"},
				"south": {"uv": [10.5, 1, 11.5, 2], "texture": "#0"},
				"west": {"uv": [7, 12, 7.5, 13], "texture": "#0"},
				"up": {"uv": [13, 6.5, 12, 6], "texture": "#0"},
				"down": {"uv": [13, 7, 12, 7.5], "texture": "#0"}
			}
		},
		{
			"from": [5, 7, 4],
			"to": [11, 8, 5],
			"faces": {
				"north": {"uv": [8.5, 4.5, 11.5, 5], "texture": "#0"},
				"east": {"uv": [12.5, 12.5, 13, 13], "texture": "#0"},
				"south": {"uv": [8.5, 5, 11.5, 5.5], "texture": "#0"},
				"west": {"uv": [0, 13, 0.5, 13.5], "texture": "#0"},
				"up": {"uv": [11.5, 6, 8.5, 5.5], "texture": "#0"},
				"down": {"uv": [11.5, 6, 8.5, 6.5], "texture": "#0"}
			}
		},
		{
			"from": [4, 4, 4],
			"to": [12, 5, 5],
			"faces": {
				"north": {"uv": [8, 7, 12, 7.5], "texture": "#0"},
				"east": {"uv": [0.5, 13, 1, 13.5], "texture": "#0"},
				"south": {"uv": [8, 7.5, 12, 8], "texture": "#0"},
				"west": {"uv": [13, 0.5, 13.5, 1], "texture": "#0"},
				"up": {"uv": [12, 8.5, 8, 8], "texture": "#0"},
				"down": {"uv": [12.5, 3, 8.5, 3.5], "texture": "#0"}
			}
		},
		{
			"from": [5, 12, 5],
			"to": [7, 13, 11],
			"faces": {
				"north": {"uv": [7.5, 12, 8.5, 12.5], "texture": "#0"},
				"east": {"uv": [8.5, 6.5, 11.5, 7], "texture": "#0"},
				"south": {"uv": [12, 7.5, 13, 8], "texture": "#0"},
				"west": {"uv": [9, 8.5, 12, 9], "texture": "#0"},
				"up": {"uv": [8, 10, 7, 7], "texture": "#0"},
				"down": {"uv": [1, 8, 0, 11], "texture": "#0"}
			}
		},
		{
			"from": [7, 12, 5],
			"to": [8, 13, 9],
			"faces": {
				"north": {"uv": [13, 1, 13.5, 1.5], "texture": "#0"},
				"east": {"uv": [10.5, 2, 12.5, 2.5], "texture": "#0"},
				"south": {"uv": [1.5, 13, 2, 13.5], "texture": "#0"},
				"west": {"uv": [9, 10.5, 11, 11], "texture": "#0"},
				"up": {"uv": [8, 12, 7.5, 10], "texture": "#0"},
				"down": {"uv": [0.5, 11, 0, 13], "texture": "#0"}
			}
		},
		{
			"from": [8, 12, 6],
			"to": [9, 13, 8],
			"faces": {
				"north": {"uv": [2, 13, 2.5, 13.5], "texture": "#0"},
				"east": {"uv": [12, 8, 13, 8.5], "texture": "#0"},
				"south": {"uv": [13, 2.5, 13.5, 3], "texture": "#0"},
				"west": {"uv": [8.5, 12, 9.5, 12.5], "texture": "#0"},
				"up": {"uv": [10, 13, 9.5, 12], "texture": "#0"},
				"down": {"uv": [12.5, 11.5, 12, 12.5], "texture": "#0"}
			}
		},
		{
			"from": [10, 12, 5],
			"to": [11, 13, 8],
			"faces": {
				"north": {"uv": [3, 13, 3.5, 13.5], "texture": "#0"},
				"east": {"uv": [11.5, 10, 13, 10.5], "texture": "#0"},
				"south": {"uv": [13, 3, 13.5, 3.5], "texture": "#0"},
				"west": {"uv": [11.5, 11, 13, 11.5], "texture": "#0"},
				"up": {"uv": [12, 13, 11.5, 11.5], "texture": "#0"},
				"down": {"uv": [12.5, 0, 12, 1.5], "texture": "#0"}
			}
		},
		{
			"from": [9, 12, 8],
			"to": [10, 13, 11],
			"faces": {
				"north": {"uv": [3.5, 13, 4, 13.5], "texture": "#0"},
				"east": {"uv": [12, 1.5, 13.5, 2], "texture": "#0"},
				"south": {"uv": [13, 5, 13.5, 5.5], "texture": "#0"},
				"west": {"uv": [2.5, 12, 4, 12.5], "texture": "#0"},
				"up": {"uv": [4.5, 13.5, 4, 12], "texture": "#0"},
				"down": {"uv": [5, 12, 4.5, 13.5], "texture": "#0"}
			}
		},
		{
			"from": [8, 12, 9],
			"to": [9, 13, 11],
			"faces": {
				"north": {"uv": [13, 5.5, 13.5, 6], "texture": "#0"},
				"east": {"uv": [12, 8.5, 13, 9], "texture": "#0"},
				"south": {"uv": [13, 6, 13.5, 6.5], "texture": "#0"},
				"west": {"uv": [12.5, 0, 13.5, 0.5], "texture": "#0"},
				"up": {"uv": [13, 1.5, 12.5, 0.5], "texture": "#0"},
				"down": {"uv": [1.5, 12.5, 1, 13.5], "texture": "#0"}
			}
		},
		{
			"from": [7, 12, 10],
			"to": [8, 13, 11],
			"faces": {
				"north": {"uv": [6.5, 13, 7, 13.5], "texture": "#0"},
				"east": {"uv": [7, 13, 7.5, 13.5], "texture": "#0"},
				"south": {"uv": [13, 7, 13.5, 7.5], "texture": "#0"},
				"west": {"uv": [13, 7.5, 13.5, 8], "texture": "#0"},
				"up": {"uv": [8.5, 13.5, 8, 13], "texture": "#0"},
				"down": {"uv": [13.5, 8, 13, 8.5], "texture": "#0"}
			}
		},
		{
			"from": [11, 7, 5],
			"to": [12, 13, 11],
			"faces": {
				"north": {"uv": [5, 9, 5.5, 12], "texture": "#0"},
				"east": {"uv": [4, 6, 7, 9], "texture": "#0"},
				"south": {"uv": [5.5, 9, 6, 12], "texture": "#0"},
				"west": {"uv": [7, 0, 10, 3], "texture": "#0"},
				"up": {"uv": [6.5, 12, 6, 9], "texture": "#0"},
				"down": {"uv": [7, 9, 6.5, 12], "texture": "#0"}
			}
		},
		{
			"from": [11, 6, 7],
			"to": [12, 7, 11],
			"faces": {
				"north": {"uv": [8.5, 13, 9, 13.5], "texture": "#0"},
				"east": {"uv": [9, 11, 11, 11.5], "texture": "#0"},
				"south": {"uv": [13, 8.5, 13.5, 9], "texture": "#0"},
				"west": {"uv": [11, 10.5, 13, 11], "texture": "#0"},
				"up": {"uv": [1, 13, 0.5, 11], "texture": "#0"},
				"down": {"uv": [11.5, 11, 11, 13], "texture": "#0"}
			}
		},
		{
			"from": [11, 5, 9],
			"to": [12, 6, 11],
			"faces": {
				"north": {"uv": [9, 13, 9.5, 13.5], "texture": "#0"},
				"east": {"uv": [1.5, 12.5, 2.5, 13], "texture": "#0"},
				"south": {"uv": [13, 9, 13.5, 9.5], "texture": "#0"},
				"west": {"uv": [12.5, 2, 13.5, 2.5], "texture": "#0"},
				"up": {"uv": [3, 13.5, 2.5, 12.5], "texture": "#0"},
				"down": {"uv": [13, 2.5, 12.5, 3.5], "texture": "#0"}
			}
		},
		{
			"from": [11, 5, 6],
			"to": [12, 6, 7],
			"faces": {
				"north": {"uv": [9.5, 13, 10, 13.5], "texture": "#0"},
				"east": {"uv": [13, 9.5, 13.5, 10], "texture": "#0"},
				"south": {"uv": [13, 10, 13.5, 10.5], "texture": "#0"},
				"west": {"uv": [13, 10.5, 13.5, 11], "texture": "#0"},
				"up": {"uv": [11.5, 13.5, 11, 13], "texture": "#0"},
				"down": {"uv": [13.5, 11, 13, 11.5], "texture": "#0"}
			}
		},
		{
			"from": [11, 5, 4],
			"to": [12, 6, 5],
			"faces": {
				"north": {"uv": [11.5, 13, 12, 13.5], "texture": "#0"},
				"east": {"uv": [13, 11.5, 13.5, 12], "texture": "#0"},
				"south": {"uv": [12, 13, 12.5, 13.5], "texture": "#0"},
				"west": {"uv": [13, 12, 13.5, 12.5], "texture": "#0"},
				"up": {"uv": [13, 13.5, 12.5, 13], "texture": "#0"},
				"down": {"uv": [13.5, 12.5, 13, 13], "texture": "#0"}
			}
		},
		{
			"from": [11, 8, 4],
			"to": [12, 9, 5],
			"faces": {
				"north": {"uv": [13, 13, 13.5, 13.5], "texture": "#0"},
				"east": {"uv": [0, 13.5, 0.5, 14], "texture": "#0"},
				"south": {"uv": [13.5, 0, 14, 0.5], "texture": "#0"},
				"west": {"uv": [0.5, 13.5, 1, 14], "texture": "#0"},
				"up": {"uv": [14, 1, 13.5, 0.5], "texture": "#0"},
				"down": {"uv": [1.5, 13.5, 1, 14], "texture": "#0"}
			}
		},
		{
			"from": [4, 8, 4],
			"to": [5, 9, 5],
			"faces": {
				"north": {"uv": [13.5, 1, 14, 1.5], "texture": "#0"},
				"east": {"uv": [1.5, 13.5, 2, 14], "texture": "#0"},
				"south": {"uv": [13.5, 1.5, 14, 2], "texture": "#0"},
				"west": {"uv": [2, 13.5, 2.5, 14], "texture": "#0"},
				"up": {"uv": [14, 2.5, 13.5, 2], "texture": "#0"},
				"down": {"uv": [3, 13.5, 2.5, 14], "texture": "#0"}
			}
		},
		{
			"from": [9, 5, 4],
			"to": [10, 6, 5],
			"faces": {
				"north": {"uv": [13.5, 2.5, 14, 3], "texture": "#0"},
				"east": {"uv": [3, 13.5, 3.5, 14], "texture": "#0"},
				"south": {"uv": [13.5, 3, 14, 3.5], "texture": "#0"},
				"west": {"uv": [3.5, 13.5, 4, 14], "texture": "#0"},
				"up": {"uv": [14, 4, 13.5, 3.5], "texture": "#0"},
				"down": {"uv": [4.5, 13.5, 4, 14], "texture": "#0"}
			}
		},
		{
			"from": [8, 10, 4],
			"to": [9, 11, 5],
			"faces": {
				"north": {"uv": [13.5, 4, 14, 4.5], "texture": "#0"},
				"east": {"uv": [4.5, 13.5, 5, 14], "texture": "#0"},
				"south": {"uv": [13.5, 4.5, 14, 5], "texture": "#0"},
				"west": {"uv": [5, 13.5, 5.5, 14], "texture": "#0"},
				"up": {"uv": [14, 5.5, 13.5, 5], "texture": "#0"},
				"down": {"uv": [6, 13.5, 5.5, 14], "texture": "#0"}
			}
		},
		{
			"from": [10, 9, 4],
			"to": [12, 13, 5],
			"faces": {
				"north": {"uv": [1, 8, 2, 10], "texture": "#0"},
				"east": {"uv": [11.5, 0, 12, 2], "texture": "#0"},
				"south": {"uv": [2, 8, 3, 10], "texture": "#0"},
				"west": {"uv": [11.5, 4.5, 12, 6.5], "texture": "#0"},
				"up": {"uv": [4, 13, 3, 12.5], "texture": "#0"},
				"down": {"uv": [13.5, 3.5, 12.5, 4], "texture": "#0"}
			}
		},
		{
			"from": [9, 9, 4],
			"to": [10, 12, 5],
			"faces": {
				"north": {"uv": [12, 4.5, 12.5, 6], "texture": "#0"},
				"east": {"uv": [5, 12, 5.5, 13.5], "texture": "#0"},
				"south": {"uv": [5.5, 12, 6, 13.5], "texture": "#0"},
				"west": {"uv": [6, 12, 6.5, 13.5], "texture": "#0"},
				"up": {"uv": [14, 6, 13.5, 5.5], "texture": "#0"},
				"down": {"uv": [6.5, 13.5, 6, 14], "texture": "#0"}
			}
		},
		{
			"from": [11, 6, 5],
			"to": [12, 7, 6],
			"faces": {
				"north": {"uv": [13.5, 6, 14, 6.5], "texture": "#0"},
				"east": {"uv": [6.5, 13.5, 7, 14], "texture": "#0"},
				"south": {"uv": [13.5, 6.5, 14, 7], "texture": "#0"},
				"west": {"uv": [7, 13.5, 7.5, 14], "texture": "#0"},
				"up": {"uv": [14, 7.5, 13.5, 7], "texture": "#0"},
				"down": {"uv": [8, 13.5, 7.5, 14], "texture": "#0"}
			}
		},
		{
			"from": [11, 4, 5],
			"to": [12, 5, 10],
			"faces": {
				"north": {"uv": [13.5, 7.5, 14, 8], "texture": "#0"},
				"east": {"uv": [9, 9, 11.5, 9.5], "texture": "#0"},
				"south": {"uv": [8, 13.5, 8.5, 14], "texture": "#0"},
				"west": {"uv": [9, 9.5, 11.5, 10], "texture": "#0"},
				"up": {"uv": [10.5, 2.5, 10, 0], "texture": "#0"},
				"down": {"uv": [1.5, 10, 1, 12.5], "texture": "#0"}
			}
		},
		{
			"from": [4, 6, 7],
			"to": [5, 7, 11],
			"faces": {
				"north": {"uv": [13.5, 8, 14, 8.5], "texture": "#0"},
				"east": {"uv": [11.5, 6.5, 13.5, 7], "texture": "#0"},
				"south": {"uv": [8.5, 13.5, 9, 14], "texture": "#0"},
				"west": {"uv": [8, 11.5, 10, 12], "texture": "#0"},
				"up": {"uv": [10.5, 13.5, 10, 11.5], "texture": "#0"},
				"down": {"uv": [11, 11.5, 10.5, 13.5], "texture": "#0"}
			}
		},
		{
			"from": [4, 5, 9],
			"to": [5, 6, 11],
			"faces": {
				"north": {"uv": [13.5, 8.5, 14, 9], "texture": "#0"},
				"east": {"uv": [12.5, 4, 13.5, 4.5], "texture": "#0"},
				"south": {"uv": [9, 13.5, 9.5, 14], "texture": "#0"},
				"west": {"uv": [12.5, 4.5, 13.5, 5], "texture": "#0"},
				"up": {"uv": [13, 6, 12.5, 5], "texture": "#0"},
				"down": {"uv": [8, 12.5, 7.5, 13.5], "texture": "#0"}
			}
		},
		{
			"from": [4, 4, 5],
			"to": [5, 5, 10],
			"faces": {
				"north": {"uv": [13.5, 9, 14, 9.5], "texture": "#0"},
				"east": {"uv": [10, 2.5, 12.5, 3], "texture": "#0"},
				"south": {"uv": [9.5, 13.5, 10, 14], "texture": "#0"},
				"west": {"uv": [9, 10, 11.5, 10.5], "texture": "#0"},
				"up": {"uv": [2, 12.5, 1.5, 10], "texture": "#0"},
				"down": {"uv": [2.5, 10, 2, 12.5], "texture": "#0"}
			}
		},
		{
			"from": [4, 5, 6],
			"to": [5, 6, 7],
			"faces": {
				"north": {"uv": [13.5, 9.5, 14, 10], "texture": "#0"},
				"east": {"uv": [10, 13.5, 10.5, 14], "texture": "#0"},
				"south": {"uv": [13.5, 10, 14, 10.5], "texture": "#0"},
				"west": {"uv": [10.5, 13.5, 11, 14], "texture": "#0"},
				"up": {"uv": [14, 11, 13.5, 10.5], "texture": "#0"},
				"down": {"uv": [11.5, 13.5, 11, 14], "texture": "#0"}
			}
		},
		{
			"from": [4, 6, 5],
			"to": [5, 7, 6],
			"faces": {
				"north": {"uv": [13.5, 11, 14, 11.5], "texture": "#0"},
				"east": {"uv": [11.5, 13.5, 12, 14], "texture": "#0"},
				"south": {"uv": [13.5, 11.5, 14, 12], "texture": "#0"},
				"west": {"uv": [12, 13.5, 12.5, 14], "texture": "#0"},
				"up": {"uv": [14, 12.5, 13.5, 12], "texture": "#0"},
				"down": {"uv": [13, 13.5, 12.5, 14], "texture": "#0"}
			}
		},
		{
			"from": [4, 5, 4],
			"to": [5, 6, 5],
			"faces": {
				"north": {"uv": [13.5, 12.5, 14, 13], "texture": "#0"},
				"east": {"uv": [13, 13.5, 13.5, 14], "texture": "#0"},
				"south": {"uv": [13.5, 13, 14, 13.5], "texture": "#0"},
				"west": {"uv": [13.5, 13.5, 14, 14], "texture": "#0"},
				"up": {"uv": [0.5, 14.5, 0, 14], "texture": "#0"},
				"down": {"uv": [14.5, 0, 14, 0.5], "texture": "#0"}
			}
		},
		{
			"from": [6, 5, 4],
			"to": [7, 6, 5],
			"faces": {
				"north": {"uv": [0.5, 14, 1, 14.5], "texture": "#0"},
				"east": {"uv": [14, 0.5, 14.5, 1], "texture": "#0"},
				"south": {"uv": [1, 14, 1.5, 14.5], "texture": "#0"},
				"west": {"uv": [14, 1, 14.5, 1.5], "texture": "#0"},
				"up": {"uv": [2, 14.5, 1.5, 14], "texture": "#0"},
				"down": {"uv": [14.5, 1.5, 14, 2], "texture": "#0"}
			}
		},
		{
			"from": [4, 5, 11],
			"to": [12, 13, 12],
			"faces": {
				"north": {"uv": [0, 0, 4, 4], "texture": "#0"},
				"east": {"uv": [3, 8, 3.5, 12], "texture": "#0"},
				"south": {"uv": [0, 4, 4, 8], "texture": "#0"},
				"west": {"uv": [3.5, 8, 4, 12], "texture": "#0"},
				"up": {"uv": [12.5, 4, 8.5, 3.5], "texture": "#0"},
				"down": {"uv": [12.5, 4, 8.5, 4.5], "texture": "#0"}
			}
		},
		{
			"from": [5, 8, 4.35],
			"to": [7, 9, 4.35],
			"faces": {
				"north": {"uv": [2, 14, 3, 14.5], "texture": "#0"},
				"east": {"uv": [0, 0, 0, 0.5], "texture": "#0"},
				"south": {"uv": [2, 14, 3, 14.5], "texture": "#0"},
				"west": {"uv": [0, 0, 0, 0.5], "texture": "#0"},
				"up": {"uv": [0, 0, 1, 0], "texture": "#0"},
				"down": {"uv": [0, 0, 1, 0], "texture": "#0"}
			}
		},
		{
			"from": [9, 8, 4.35],
			"to": [11, 9, 4.35],
			"faces": {
				"north": {"uv": [2, 14, 3, 14.5], "texture": "#0"},
				"east": {"uv": [0, 0, 0, 0.5], "texture": "#0"},
				"south": {"uv": [2, 14, 3, 14.5], "texture": "#0"},
				"west": {"uv": [0, 0, 0, 0.5], "texture": "#0"},
				"up": {"uv": [0, 0, 1, 0], "texture": "#0"},
				"down": {"uv": [0, 0, 1, 0], "texture": "#0"}
			}
		},
		{
			"from": [7, 9.5, 4.35],
			"to": [10, 12.65, 4.35],
			"faces": {
				"north": {"uv": [3, 14, 4.5, 15.5], "texture": "#0"},
				"east": {"uv": [0, 0, 0, 1.5], "texture": "#0"},
				"south": {"uv": [3, 14, 4.5, 15.5], "texture": "#0"},
				"west": {"uv": [0, 0, 0, 1.5], "texture": "#0"},
				"up": {"uv": [0, 0, 1.5, 0], "texture": "#0"},
				"down": {"uv": [0, 0, 1.5, 0], "texture": "#0"}
			}
		},
		{
			"from": [7, 12.65, 4.35],
			"to": [11, 12.65, 11.5],
			"faces": {
				"north": {"uv": [0, 0, 1.5, 0], "rotation": 180, "texture": "#0"},
				"east": {"uv": [0, 0, 0, 1.5], "rotation": 270, "texture": "#0"},
				"south": {"uv": [0, 0, 1.5, 0], "texture": "#0"},
				"west": {"uv": [0, 0, 0, 1.5], "rotation": 90, "texture": "#0"},
				"up": {"uv": [3, 14, 4.5, 15.5], "rotation": 180, "texture": "#0"},
				"down": {"uv": [3, 14, 4.5, 15.5], "texture": "#0"}
			}
		}
	],
	"gui_light": "front",
	"display": {
		"thirdperson_righthand": {
			"rotation": [75, 45, 0],
			"translation": [0, 2.5, 0],
			"scale": [0.375, 0.375, 0.375]
		},
		"thirdperson_lefthand": {
			"rotation": [75, 45, 0],
			"translation": [0, 2.5, 0],
			"scale": [0.375, 0.375, 0.375]
		},
		"firstperson_righthand": {
			"rotation": [0, 125, 0],
			"translation": [0, 1.5, 0],
			"scale": [0.4, 0.4, 0.4]
		},
		"firstperson_lefthand": {
			"rotation": [0, 125, 0],
			"translation": [0, 1.5, 0],
			"scale": [0.4, 0.4, 0.4]
		},
		"ground": {
			"translation": [0, 3, 0],
			"scale": [0.4, 0.4, 0.4]
		},
		"gui": {
			"rotation": [20, -165, 0]
		},
		"head": {
			"translation": [0, -1, 0],
			"scale": [2, 2, 2]
		},
		"fixed": {
			"scale": [1.25, 1.25, 1.25]
		}
	},
	"groups": [
		{
			"name": "group",
			"origin": [0, 0, 0],
			"color": 0,
			"nbt": "{}",
			"children": [0, 1, 2, 3, 4, 5, 6, 7, 8, 9, 10, 11, 12, 13, 14, 15, 16, 17, 18, 19, 20, 21, 22, 23, 24, 25, 26, 27, 28, 29, 30, 31, 32, 33, 34, 35, 36, 37]
		}
	]
}