{
    "parent": "item/generated",
    "textures": {
        "layer0": "arcananovum:item/runic_bow_0"
    },
    "display": {
        "thirdperson_righthand": {
            "rotation": [ -80, 260, -40 ],
            "translation": [ -1, -2, 2.5 ],
            "scale": [ 0.9, 0.9, 0.9 ]
        },
        "thirdperson_lefthand": {
            "rotation": [ -80, -280, 40 ],
            "translation": [ -1, -2, 2.5 ],
            "scale": [ 0.9, 0.9, 0.9 ]
        },
        "firstperson_righthand": {
            "rotation": [ 0, -90, 25 ],
            "translation": [ 1.13, 3.2, 1.13],
            "scale": [ 0.68, 0.68, 0.68 ]
        },
        "firstperson_lefthand": {
            "rotation": [ 0, 90, -25 ],
            "translation": [ 1.13, 3.2, 1.13],
            "scale": [ 0.68, 0.68, 0.68 ]
        }
    },
    "overrides": [
        {
            "predicate": {
                "pulling": 1
            },
            "model": "arcananovum:item/runic_bow_pulling_1"
        },
		{
            "predicate": {
                "pulling": 1,
                "pull": 0.24
            },
            "model": "arcananovum:item/runic_bow_pulling_2"
        },
		{
            "predicate": {
                "pulling": 1,
                "pull": 0.4
            },
            "model": "arcananovum:item/runic_bow_pulling_3"
        },
        {
            "predicate": {
                "pulling": 1,
                "pull": 0.56
            },
            "model": "arcananovum:item/runic_bow_pulling_4"
        },
        {
            "predicate": {
                "pulling": 1,
                "pull": 0.76
            },
            "model": "arcananovum:item/runic_bow_pulling_5"
        }
    ]
}
