{
	"credit": "Made with Blockbench",
	"textures": {
		"0": "arcananovum:item/shulker_core",
		"particle": "arcananovum:item/shulker_core"
	},
	"elements": [
		{
			"from": [0, 14, 0],
			"to": [16, 16, 16],
			"faces": {
				"north": {"uv": [8, 9, 0, 8], "rotation": 180, "texture": "#0"},
				"east": {"uv": [8, 9, 0, 8], "rotation": 180, "texture": "#0"},
				"south": {"uv": [8, 9, 0, 8], "rotation": 180, "texture": "#0"},
				"west": {"uv": [8, 9, 0, 8], "rotation": 180, "texture": "#0"},
				"up": {"uv": [8, 0, 16, 8], "texture": "#0"},
				"down": {"uv": [8, 0, 16, 8], "texture": "#0"}
			}
		},
		{
			"from": [12, 9, 0],
			"to": [14, 14, 2],
			"faces": {
				"north": {"uv": [2, 11.5, 1, 9], "rotation": 180, "texture": "#0"},
				"south": {"uv": [7, 11.5, 6, 9], "rotation": 180, "texture": "#0"},
				"west": {"uv": [1, 13.5, 0, 11], "rotation": 180, "texture": "#0"},
				"down": {"uv": [2, 13, 1, 14], "texture": "#0"}
			}
		},
		{
			"from": [4, 11, 0],
			"to": [12, 14, 2],
			"faces": {
				"north": {"uv": [6, 10.5, 2, 9], "rotation": 180, "texture": "#0"},
				"south": {"uv": [6, 10.5, 2, 9], "rotation": 180, "texture": "#0"},
				"down": {"uv": [2, 10.5, 6, 9.5], "rotation": 180, "texture": "#0"}
			}
		},
		{
			"from": [0, 9, 0],
			"to": [4, 14, 2],
			"faces": {
				"north": {"uv": [8, 11.5, 6, 9], "rotation": 180, "texture": "#0"},
				"east": {"uv": [0, 13.5, 1, 11], "rotation": 180, "texture": "#0"},
				"south": {"uv": [2, 11.5, 0, 9], "rotation": 180, "texture": "#0"},
				"west": {"uv": [1, 11.5, 0, 9], "rotation": 180, "texture": "#0"},
				"down": {"uv": [0, 13, 2, 14], "texture": "#0"}
			}
		},
		{
			"from": [0, 9, 2],
			"to": [2, 14, 4],
			"faces": {
				"east": {"uv": [7, 11.5, 6, 9], "rotation": 180, "texture": "#0"},
				"south": {"uv": [1, 13.5, 0, 11], "rotation": 180, "texture": "#0"},
				"west": {"uv": [2, 11.5, 1, 9], "rotation": 180, "texture": "#0"},
				"down": {"uv": [2, 13, 1, 14], "rotation": 90, "texture": "#0"}
			}
		},
		{
			"from": [0, 11, 4],
			"to": [2, 14, 12],
			"faces": {
				"east": {"uv": [6, 10.5, 2, 9], "rotation": 180, "texture": "#0"},
				"west": {"uv": [6, 10.5, 2, 9], "rotation": 180, "texture": "#0"},
				"down": {"uv": [2, 10.5, 6, 9.5], "rotation": 270, "texture": "#0"}
			}
		},
		{
			"from": [0, 9, 12],
			"to": [2, 14, 16],
			"faces": {
				"north": {"uv": [0, 13.5, 1, 11], "rotation": 180, "texture": "#0"},
				"east": {"uv": [2, 11.5, 0, 9], "rotation": 180, "texture": "#0"},
				"south": {"uv": [1, 11.5, 0, 9], "rotation": 180, "texture": "#0"},
				"west": {"uv": [8, 11.5, 6, 9], "rotation": 180, "texture": "#0"},
				"down": {"uv": [0, 13, 2, 14], "rotation": 90, "texture": "#0"}
			}
		},
		{
			"from": [2, 9, 14],
			"to": [4, 14, 16],
			"faces": {
				"north": {"uv": [7, 11.5, 6, 9], "rotation": 180, "texture": "#0"},
				"east": {"uv": [1, 13.5, 0, 11], "rotation": 180, "texture": "#0"},
				"south": {"uv": [2, 11.5, 1, 9], "rotation": 180, "texture": "#0"},
				"down": {"uv": [2, 13, 1, 14], "rotation": 180, "texture": "#0"}
			}
		},
		{
			"from": [4, 11, 14],
			"to": [12, 14, 16],
			"faces": {
				"north": {"uv": [6, 10.5, 2, 9], "rotation": 180, "texture": "#0"},
				"south": {"uv": [6, 10.5, 2, 9], "rotation": 180, "texture": "#0"},
				"down": {"uv": [2, 10.5, 6, 9.5], "texture": "#0"}
			}
		},
		{
			"from": [12, 9, 14],
			"to": [16, 14, 16],
			"faces": {
				"north": {"uv": [2, 11.5, 0, 9], "rotation": 180, "texture": "#0"},
				"east": {"uv": [1, 11.5, 0, 9], "rotation": 180, "texture": "#0"},
				"south": {"uv": [8, 11.5, 6, 9], "rotation": 180, "texture": "#0"},
				"west": {"uv": [0, 13.5, 1, 11], "rotation": 180, "texture": "#0"},
				"down": {"uv": [0, 13, 2, 14], "rotation": 180, "texture": "#0"}
			}
		},
		{
			"from": [14, 9, 12],
			"to": [16, 14, 14],
			"faces": {
				"north": {"uv": [1, 13.5, 0, 11], "rotation": 180, "texture": "#0"},
				"east": {"uv": [2, 11.5, 1, 9], "rotation": 180, "texture": "#0"},
				"west": {"uv": [7, 11.5, 6, 9], "rotation": 180, "texture": "#0"},
				"down": {"uv": [2, 13, 1, 14], "rotation": 270, "texture": "#0"}
			}
		},
		{
			"from": [14, 11, 4],
			"to": [16, 14, 12],
			"faces": {
				"east": {"uv": [6, 10.5, 2, 9], "rotation": 180, "texture": "#0"},
				"west": {"uv": [6, 10.5, 2, 9], "rotation": 180, "texture": "#0"},
				"down": {"uv": [2, 10.5, 6, 9.5], "rotation": 90, "texture": "#0"}
			}
		},
		{
			"from": [14, 9, 0],
			"to": [16, 14, 4],
			"faces": {
				"north": {"uv": [1, 11.5, 0, 9], "rotation": 180, "texture": "#0"},
				"east": {"uv": [8, 11.5, 6, 9], "rotation": 180, "texture": "#0"},
				"south": {"uv": [0, 13.5, 1, 11], "rotation": 180, "texture": "#0"},
				"west": {"uv": [2, 11.5, 0, 9], "rotation": 180, "texture": "#0"},
				"down": {"uv": [0, 13, 2, 14], "rotation": 270, "texture": "#0"}
			}
		},
		{
			"from": [0, 0, 0],
			"to": [16, 2, 16],
			"faces": {
				"north": {"uv": [8, 9, 0, 8], "texture": "#0"},
				"east": {"uv": [8, 9, 0, 8], "texture": "#0"},
				"south": {"uv": [8, 9, 0, 8], "texture": "#0"},
				"west": {"uv": [8, 9, 0, 8], "texture": "#0"},
				"up": {"uv": [8, 0, 16, 8], "rotation": 180, "texture": "#0"},
				"down": {"uv": [8, 0, 16, 8], "rotation": 180, "texture": "#0"}
			}
		},
		{
			"from": [2, 2, 0],
			"to": [4, 7, 2],
			"faces": {
				"north": {"uv": [2, 11.5, 1, 9], "texture": "#0"},
				"east": {"uv": [1, 13.5, 0, 11], "texture": "#0"},
				"south": {"uv": [7, 11.5, 6, 9], "texture": "#0"},
				"up": {"uv": [2, 13, 1, 14], "rotation": 180, "texture": "#0"}
			}
		},
		{
			"from": [4, 2, 0],
			"to": [12, 5, 2],
			"faces": {
				"north": {"uv": [6, 10.5, 2, 9], "texture": "#0"},
				"south": {"uv": [6, 10.5, 2, 9], "texture": "#0"},
				"up": {"uv": [2, 10.5, 6, 9.5], "texture": "#0"}
			}
		},
		{
			"from": [12, 2, 0],
			"to": [16, 7, 2],
			"faces": {
				"north": {"uv": [8, 11.5, 6, 9], "texture": "#0"},
				"east": {"uv": [1, 11.5, 0, 9], "texture": "#0"},
				"south": {"uv": [2, 11.5, 0, 9], "texture": "#0"},
				"west": {"uv": [0, 13.5, 1, 11], "texture": "#0"},
				"up": {"uv": [0, 13, 2, 14], "rotation": 180, "texture": "#0"}
			}
		},
		{
			"from": [14, 2, 2],
			"to": [16, 7, 4],
			"faces": {
				"east": {"uv": [2, 11.5, 1, 9], "texture": "#0"},
				"south": {"uv": [1, 13.5, 0, 11], "texture": "#0"},
				"west": {"uv": [7, 11.5, 6, 9], "texture": "#0"},
				"up": {"uv": [2, 13, 1, 14], "rotation": 270, "texture": "#0"}
			}
		},
		{
			"from": [14, 2, 4],
			"to": [16, 5, 12],
			"faces": {
				"east": {"uv": [6, 10.5, 2, 9], "texture": "#0"},
				"west": {"uv": [6, 10.5, 2, 9], "texture": "#0"},
				"up": {"uv": [2, 10.5, 6, 9.5], "rotation": 90, "texture": "#0"}
			}
		},
		{
			"from": [14, 2, 12],
			"to": [16, 7, 16],
			"faces": {
				"north": {"uv": [0, 13.5, 1, 11], "texture": "#0"},
				"east": {"uv": [8, 11.5, 6, 9], "texture": "#0"},
				"south": {"uv": [1, 11.5, 0, 9], "texture": "#0"},
				"west": {"uv": [2, 11.5, 0, 9], "texture": "#0"},
				"up": {"uv": [0, 13, 2, 14], "rotation": 270, "texture": "#0"}
			}
		},
		{
			"from": [12, 2, 14],
			"to": [14, 7, 16],
			"faces": {
				"north": {"uv": [7, 11.5, 6, 9], "texture": "#0"},
				"south": {"uv": [2, 11.5, 1, 9], "texture": "#0"},
				"west": {"uv": [1, 13.5, 0, 11], "texture": "#0"},
				"up": {"uv": [2, 13, 1, 14], "texture": "#0"}
			}
		},
		{
			"from": [4, 2, 14],
			"to": [12, 5, 16],
			"faces": {
				"north": {"uv": [6, 10.5, 2, 9], "texture": "#0"},
				"south": {"uv": [6, 10.5, 2, 9], "texture": "#0"},
				"up": {"uv": [2, 10.5, 6, 9.5], "rotation": 180, "texture": "#0"}
			}
		},
		{
			"from": [0, 2, 14],
			"to": [4, 7, 16],
			"faces": {
				"north": {"uv": [2, 11.5, 0, 9], "texture": "#0"},
				"east": {"uv": [0, 13.5, 1, 11], "texture": "#0"},
				"south": {"uv": [8, 11.5, 6, 9], "texture": "#0"},
				"west": {"uv": [1, 11.5, 0, 9], "texture": "#0"},
				"up": {"uv": [0, 13, 2, 14], "texture": "#0"}
			}
		},
		{
			"from": [0, 2, 12],
			"to": [2, 7, 14],
			"faces": {
				"north": {"uv": [1, 13.5, 0, 11], "texture": "#0"},
				"east": {"uv": [7, 11.5, 6, 9], "texture": "#0"},
				"west": {"uv": [2, 11.5, 1, 9], "texture": "#0"},
				"up": {"uv": [2, 13, 1, 14], "rotation": 90, "texture": "#0"}
			}
		},
		{
			"from": [0, 2, 4],
			"to": [2, 5, 12],
			"faces": {
				"east": {"uv": [6, 10.5, 2, 9], "texture": "#0"},
				"west": {"uv": [6, 10.5, 2, 9], "texture": "#0"},
				"up": {"uv": [2, 10.5, 6, 9.5], "rotation": 270, "texture": "#0"}
			}
		},
		{
			"from": [0, 2, 0],
			"to": [2, 7, 4],
			"faces": {
				"north": {"uv": [1, 11.5, 0, 9], "texture": "#0"},
				"east": {"uv": [2, 11.5, 0, 9], "texture": "#0"},
				"south": {"uv": [0, 13.5, 1, 11], "texture": "#0"},
				"west": {"uv": [8, 11.5, 6, 9], "texture": "#0"},
				"up": {"uv": [0, 13, 2, 14], "rotation": 90, "texture": "#0"}
			}
		},
		{
			"from": [5.5, 7.5, 5.5],
			"to": [10.5, 8.5, 10.5],
			"rotation": {"angle": 0, "axis": "y", "origin": [8, 8, 8]},
			"faces": {
				"north": {"uv": [11.5, 8.5, 12, 11], "rotation": 90, "texture": "#0"},
				"east": {"uv": [11.5, 8.5, 12, 11], "rotation": 90, "texture": "#0"},
				"south": {"uv": [11.5, 8.5, 12, 11], "rotation": 90, "texture": "#0"},
				"west": {"uv": [11.5, 8.5, 12, 11], "rotation": 90, "texture": "#0"},
				"up": {"uv": [8.5, 8.5, 11, 11], "texture": "#0"},
				"down": {"uv": [8.5, 8.5, 11, 11], "texture": "#0"}
			}
		},
		{
			"from": [5.48, 5.48, 7.48],
			"to": [10.52, 10.52, 8.52],
			"rotation": {"angle": 0, "axis": "y", "origin": [8, 8, 8]},
			"faces": {
				"north": {"uv": [8.5, 11.5, 11, 14], "rotation": 180, "texture": "#0"},
				"east": {"uv": [12, 8.5, 12.5, 11], "rotation": 180, "texture": "#0"},
				"south": {"uv": [8.5, 11.5, 11, 14], "texture": "#0"},
				"west": {"uv": [12, 8.5, 12.5, 11], "rotation": 180, "texture": "#0"},
				"up": {"uv": [12, 8.5, 12.5, 11], "rotation": 90, "texture": "#0"},
				"down": {"uv": [12, 8.5, 12.5, 11], "rotation": 90, "texture": "#0"}
			}
		},
		{
			"from": [7.49, 5.49, 5.49],
			"to": [8.51, 10.51, 10.51],
			"rotation": {"angle": 0, "axis": "y", "origin": [8, 8, 8]},
			"faces": {
				"north": {"uv": [12, 8.5, 12.5, 11], "texture": "#0"},
				"east": {"uv": [8.5, 11.5, 11, 14], "texture": "#0"},
				"south": {"uv": [12, 8.5, 12.5, 11], "rotation": 180, "texture": "#0"},
				"west": {"uv": [8.5, 11.5, 11, 14], "rotation": 180, "texture": "#0"},
				"up": {"uv": [12, 8.5, 12.5, 11], "rotation": 180, "texture": "#0"},
				"down": {"uv": [12, 8.5, 12.5, 11], "rotation": 180, "texture": "#0"}
			}
		}
	],
	"gui_light": "front",
	"display": {
		"thirdperson_righthand": {
			"rotation": [75, 45, 0],
			"translation": [0, 2.5, 0],
			"scale": [0.375, 0.375, 0.375]
		},
		"thirdperson_lefthand": {
			"rotation": [75, 45, 0],
			"translation": [0, 2.5, 0],
			"scale": [0.375, 0.375, 0.375]
		},
		"firstperson_righthand": {
			"rotation": [0, 45, 0],
			"translation": [0, 2, 0],
			"scale": [0.4, 0.4, 0.4]
		},
		"firstperson_lefthand": {
			"rotation": [0, 225, 0],
			"translation": [0, 2, 0],
			"scale": [0.4, 0.4, 0.4]
		},
		"ground": {
			"translation": [0, 3, 0],
			"scale": [0.4, 0.4, 0.4]
		},
		"gui": {
			"rotation": [30, 225, 0],
			"scale": [0.625, 0.625, 0.625]
		},
		"fixed": {
			"translation": [0, 0, 1.5]
		}
	},
	"groups": [
		{
			"name": "group",
			"origin": [0, 0, 0],
			"color": 0,
			"nbt": "{}",
			"children": [0, 1, 2, 3, 4, 5, 6, 7, 8, 9, 10, 11, 12]
		},
		{
			"name": "group",
			"origin": [0, 0, 0],
			"color": 0,
			"nbt": "{}",
			"children": [13, 14, 15, 16, 17, 18, 19, 20, 21, 22, 23, 24, 25]
		},
		{
			"name": "bullets",
			"origin": [8, 8, 8],
			"color": 0,
			"nbt": "{}",
			"children": [
				{
					"name": "bullet1",
					"origin": [8, 9, 8],
					"color": 0,
					"nbt": "{}",
					"children": [26, 27, 28]
				}
			]
		}
	]
}