{
	"credit": "Made with Blockbench",
	"texture_size": [32, 32],
	"textures": {
		"1": "arcananovum:item/spawner_harness",
		"particle": "arcananovum:item/spawner_harness"
	},
	"elements": [
		{
			"from": [1.99, 2.99, 0.99],
			"to": [4.01, 4.01, 1.01],
			"faces": {
				"north": {"uv": [11, 6, 12, 6.5], "texture": "#1"},
				"east": {"uv": [11, 6, 11, 6.5], "texture": "#1"},
				"south": {"uv": [11, 6, 12, 6.5], "texture": "#1"},
				"west": {"uv": [11, 6, 11, 6.5], "texture": "#1"},
				"up": {"uv": [9.5, 6.5, 10.5, 6.5], "texture": "#1"},
				"down": {"uv": [9.5, 6.5, 10.5, 6.5], "texture": "#1"}
			}
		},
		{
			"from": [4.99, 2.99, 0.99],
			"to": [7.01, 4.01, 1.01],
			"faces": {
				"north": {"uv": [11, 6, 12, 6.5], "texture": "#1"},
				"east": {"uv": [11, 6, 11, 6.5], "texture": "#1"},
				"south": {"uv": [11, 6, 12, 6.5], "texture": "#1"},
				"west": {"uv": [11, 6, 11, 6.5], "texture": "#1"},
				"up": {"uv": [9.5, 6.5, 10.5, 6.5], "texture": "#1"},
				"down": {"uv": [9.5, 6.5, 10.5, 6.5], "texture": "#1"}
			}
		},
		{
			"from": [4.99, 12.99, 0.99],
			"to": [7.01, 14.01, 1.01],
			"faces": {
				"north": {"uv": [11, 6, 12, 6.5], "texture": "#1"},
				"east": {"uv": [11, 6, 11, 6.5], "texture": "#1"},
				"south": {"uv": [11, 6, 12, 6.5], "texture": "#1"},
				"west": {"uv": [11, 6, 11, 6.5], "texture": "#1"},
				"up": {"uv": [9.5, 6.5, 10.5, 6.5], "texture": "#1"},
				"down": {"uv": [9.5, 6.5, 10.5, 6.5], "texture": "#1"}
			}
		},
		{
			"from": [2.99, 6.99, 0.99],
			"to": [5.01, 8.01, 1.01],
			"faces": {
				"north": {"uv": [11, 6, 12, 6.5], "texture": "#1"},
				"east": {"uv": [11, 6, 11, 6.5], "texture": "#1"},
				"south": {"uv": [11, 6, 12, 6.5], "texture": "#1"},
				"west": {"uv": [11, 6, 11, 6.5], "texture": "#1"},
				"up": {"uv": [9.5, 6.5, 10.5, 6.5], "texture": "#1"},
				"down": {"uv": [9.5, 6.5, 10.5, 6.5], "texture": "#1"}
			}
		},
		{
			"from": [10.99, 6.99, 0.99],
			"to": [13.01, 8.01, 1.01],
			"faces": {
				"north": {"uv": [11, 6, 12, 6.5], "texture": "#1"},
				"east": {"uv": [11, 6, 11, 6.5], "texture": "#1"},
				"south": {"uv": [11, 6, 12, 6.5], "texture": "#1"},
				"west": {"uv": [11, 6, 11, 6.5], "texture": "#1"},
				"up": {"uv": [9.5, 6.5, 10.5, 6.5], "texture": "#1"},
				"down": {"uv": [9.5, 6.5, 10.5, 6.5], "texture": "#1"}
			}
		},
		{
			"from": [11.99, 2.99, 0.99],
			"to": [14.01, 4.01, 1.01],
			"faces": {
				"north": {"uv": [11, 6, 12, 6.5], "texture": "#1"},
				"east": {"uv": [11, 6, 11, 6.5], "texture": "#1"},
				"south": {"uv": [11, 6, 12, 6.5], "texture": "#1"},
				"west": {"uv": [11, 6, 11, 6.5], "texture": "#1"},
				"up": {"uv": [9.5, 6.5, 10.5, 6.5], "texture": "#1"},
				"down": {"uv": [9.5, 6.5, 10.5, 6.5], "texture": "#1"}
			}
		},
		{
			"from": [8.99, 2.99, 0.99],
			"to": [11.01, 4.01, 1.01],
			"faces": {
				"north": {"uv": [11, 6, 12, 6.5], "texture": "#1"},
				"east": {"uv": [11, 6, 11, 6.5], "texture": "#1"},
				"south": {"uv": [11, 6, 12, 6.5], "texture": "#1"},
				"west": {"uv": [11, 6, 11, 6.5], "texture": "#1"},
				"up": {"uv": [9.5, 6.5, 10.5, 6.5], "texture": "#1"},
				"down": {"uv": [9.5, 6.5, 10.5, 6.5], "texture": "#1"}
			}
		},
		{
			"from": [8.99, 12.99, 0.99],
			"to": [11.01, 14.01, 1.01],
			"faces": {
				"north": {"uv": [11, 6, 12, 6.5], "texture": "#1"},
				"east": {"uv": [11, 6, 11, 6.5], "texture": "#1"},
				"south": {"uv": [11, 6, 12, 6.5], "texture": "#1"},
				"west": {"uv": [11, 6, 11, 6.5], "texture": "#1"},
				"up": {"uv": [9.5, 6.5, 10.5, 6.5], "texture": "#1"},
				"down": {"uv": [9.5, 6.5, 10.5, 6.5], "texture": "#1"}
			}
		},
		{
			"from": [10.98, 8.98, 1.98],
			"to": [14.02, 12.02, 2.02],
			"faces": {
				"north": {"uv": [11, 6, 12.5, 7.5], "texture": "#1"},
				"east": {"uv": [11, 6, 11, 7.5], "texture": "#1"},
				"south": {"uv": [11, 6, 12.5, 7.5], "texture": "#1"},
				"west": {"uv": [11, 6, 11, 7.5], "texture": "#1"},
				"up": {"uv": [9.5, 6.5, 11, 6.5], "texture": "#1"},
				"down": {"uv": [9.5, 6.5, 11, 6.5], "texture": "#1"}
			}
		},
		{
			"from": [1.98, 8.98, 1.98],
			"to": [5.02, 12.02, 2.02],
			"faces": {
				"north": {"uv": [11, 6, 12.5, 7.5], "texture": "#1"},
				"east": {"uv": [11, 6, 11, 7.5], "texture": "#1"},
				"south": {"uv": [11, 6, 12.5, 7.5], "texture": "#1"},
				"west": {"uv": [11, 6, 11, 7.5], "texture": "#1"},
				"up": {"uv": [9.5, 6.5, 11, 6.5], "texture": "#1"},
				"down": {"uv": [9.5, 6.5, 11, 6.5], "texture": "#1"}
			}
		},
		{
			"from": [0.99, 2.99, 11.99],
			"to": [1.01, 4.01, 14.01],
			"faces": {
				"north": {"uv": [11, 6, 11, 6.5], "texture": "#1"},
				"east": {"uv": [11, 6, 12, 6.5], "texture": "#1"},
				"south": {"uv": [11, 6, 11, 6.5], "texture": "#1"},
				"west": {"uv": [11, 6, 12, 6.5], "texture": "#1"},
				"up": {"uv": [9.5, 6.5, 10.5, 6.5], "rotation": 270, "texture": "#1"},
				"down": {"uv": [9.5, 6.5, 10.5, 6.5], "rotation": 90, "texture": "#1"}
			}
		},
		{
			"from": [0.99, 2.99, 8.99],
			"to": [1.01, 4.01, 11.01],
			"faces": {
				"north": {"uv": [11, 6, 11, 6.5], "texture": "#1"},
				"east": {"uv": [11, 6, 12, 6.5], "texture": "#1"},
				"south": {"uv": [11, 6, 11, 6.5], "texture": "#1"},
				"west": {"uv": [11, 6, 12, 6.5], "texture": "#1"},
				"up": {"uv": [9.5, 6.5, 10.5, 6.5], "rotation": 270, "texture": "#1"},
				"down": {"uv": [9.5, 6.5, 10.5, 6.5], "rotation": 90, "texture": "#1"}
			}
		},
		{
			"from": [0.99, 12.99, 8.99],
			"to": [1.01, 14.01, 11.01],
			"faces": {
				"north": {"uv": [11, 6, 11, 6.5], "texture": "#1"},
				"east": {"uv": [11, 6, 12, 6.5], "texture": "#1"},
				"south": {"uv": [11, 6, 11, 6.5], "texture": "#1"},
				"west": {"uv": [11, 6, 12, 6.5], "texture": "#1"},
				"up": {"uv": [9.5, 6.5, 10.5, 6.5], "rotation": 270, "texture": "#1"},
				"down": {"uv": [9.5, 6.5, 10.5, 6.5], "rotation": 90, "texture": "#1"}
			}
		},
		{
			"from": [0.99, 6.99, 10.99],
			"to": [1.01, 8.01, 13.01],
			"faces": {
				"north": {"uv": [11, 6, 11, 6.5], "texture": "#1"},
				"east": {"uv": [11, 6, 12, 6.5], "texture": "#1"},
				"south": {"uv": [11, 6, 11, 6.5], "texture": "#1"},
				"west": {"uv": [11, 6, 12, 6.5], "texture": "#1"},
				"up": {"uv": [9.5, 6.5, 10.5, 6.5], "rotation": 270, "texture": "#1"},
				"down": {"uv": [9.5, 6.5, 10.5, 6.5], "rotation": 90, "texture": "#1"}
			}
		},
		{
			"from": [0.99, 6.99, 2.99],
			"to": [1.01, 8.01, 5.01],
			"faces": {
				"north": {"uv": [11, 6, 11, 6.5], "texture": "#1"},
				"east": {"uv": [11, 6, 12, 6.5], "texture": "#1"},
				"south": {"uv": [11, 6, 11, 6.5], "texture": "#1"},
				"west": {"uv": [11, 6, 12, 6.5], "texture": "#1"},
				"up": {"uv": [9.5, 6.5, 10.5, 6.5], "rotation": 270, "texture": "#1"},
				"down": {"uv": [9.5, 6.5, 10.5, 6.5], "rotation": 90, "texture": "#1"}
			}
		},
		{
			"from": [0.99, 2.99, 1.99],
			"to": [1.01, 4.01, 4.01],
			"faces": {
				"north": {"uv": [11, 6, 11, 6.5], "texture": "#1"},
				"east": {"uv": [11, 6, 12, 6.5], "texture": "#1"},
				"south": {"uv": [11, 6, 11, 6.5], "texture": "#1"},
				"west": {"uv": [11, 6, 12, 6.5], "texture": "#1"},
				"up": {"uv": [9.5, 6.5, 10.5, 6.5], "rotation": 270, "texture": "#1"},
				"down": {"uv": [9.5, 6.5, 10.5, 6.5], "rotation": 90, "texture": "#1"}
			}
		},
		{
			"from": [0.99, 2.99, 4.99],
			"to": [1.01, 4.01, 7.01],
			"faces": {
				"north": {"uv": [11, 6, 11, 6.5], "texture": "#1"},
				"east": {"uv": [11, 6, 12, 6.5], "texture": "#1"},
				"south": {"uv": [11, 6, 11, 6.5], "texture": "#1"},
				"west": {"uv": [11, 6, 12, 6.5], "texture": "#1"},
				"up": {"uv": [9.5, 6.5, 10.5, 6.5], "rotation": 270, "texture": "#1"},
				"down": {"uv": [9.5, 6.5, 10.5, 6.5], "rotation": 90, "texture": "#1"}
			}
		},
		{
			"from": [0.99, 12.99, 4.99],
			"to": [1.01, 14.01, 7.01],
			"faces": {
				"north": {"uv": [11, 6, 11, 6.5], "texture": "#1"},
				"east": {"uv": [11, 6, 12, 6.5], "texture": "#1"},
				"south": {"uv": [11, 6, 11, 6.5], "texture": "#1"},
				"west": {"uv": [11, 6, 12, 6.5], "texture": "#1"},
				"up": {"uv": [9.5, 6.5, 10.5, 6.5], "rotation": 270, "texture": "#1"},
				"down": {"uv": [9.5, 6.5, 10.5, 6.5], "rotation": 90, "texture": "#1"}
			}
		},
		{
			"from": [1.98, 8.98, 1.98],
			"to": [2.02, 12.02, 5.02],
			"faces": {
				"north": {"uv": [11, 6, 11, 7.5], "texture": "#1"},
				"east": {"uv": [11, 6, 12.5, 7.5], "texture": "#1"},
				"south": {"uv": [11, 6, 11, 7.5], "texture": "#1"},
				"west": {"uv": [11, 6, 12.5, 7.5], "texture": "#1"},
				"up": {"uv": [9.5, 6.5, 11, 6.5], "rotation": 270, "texture": "#1"},
				"down": {"uv": [9.5, 6.5, 11, 6.5], "rotation": 90, "texture": "#1"}
			}
		},
		{
			"from": [1.98, 8.98, 10.98],
			"to": [2.02, 12.02, 14.02],
			"faces": {
				"north": {"uv": [11, 6, 11, 7.5], "texture": "#1"},
				"east": {"uv": [11, 6, 12.5, 7.5], "texture": "#1"},
				"south": {"uv": [11, 6, 11, 7.5], "texture": "#1"},
				"west": {"uv": [11, 6, 12.5, 7.5], "texture": "#1"},
				"up": {"uv": [9.5, 6.5, 11, 6.5], "rotation": 270, "texture": "#1"},
				"down": {"uv": [9.5, 6.5, 11, 6.5], "rotation": 90, "texture": "#1"}
			}
		},
		{
			"from": [11.99, 2.99, 14.99],
			"to": [14.01, 4.01, 15.01],
			"faces": {
				"north": {"uv": [11, 6, 12, 6.5], "texture": "#1"},
				"east": {"uv": [11, 6, 11, 6.5], "texture": "#1"},
				"south": {"uv": [11, 6, 12, 6.5], "texture": "#1"},
				"west": {"uv": [11, 6, 11, 6.5], "texture": "#1"},
				"up": {"uv": [9.5, 6.5, 10.5, 6.5], "rotation": 180, "texture": "#1"},
				"down": {"uv": [9.5, 6.5, 10.5, 6.5], "rotation": 180, "texture": "#1"}
			}
		},
		{
			"from": [8.99, 2.99, 14.99],
			"to": [11.01, 4.01, 15.01],
			"faces": {
				"north": {"uv": [11, 6, 12, 6.5], "texture": "#1"},
				"east": {"uv": [11, 6, 11, 6.5], "texture": "#1"},
				"south": {"uv": [11, 6, 12, 6.5], "texture": "#1"},
				"west": {"uv": [11, 6, 11, 6.5], "texture": "#1"},
				"up": {"uv": [9.5, 6.5, 10.5, 6.5], "rotation": 180, "texture": "#1"},
				"down": {"uv": [9.5, 6.5, 10.5, 6.5], "rotation": 180, "texture": "#1"}
			}
		},
		{
			"from": [8.99, 12.99, 14.99],
			"to": [11.01, 14.01, 15.01],
			"faces": {
				"north": {"uv": [11, 6, 12, 6.5], "texture": "#1"},
				"east": {"uv": [11, 6, 11, 6.5], "texture": "#1"},
				"south": {"uv": [11, 6, 12, 6.5], "texture": "#1"},
				"west": {"uv": [11, 6, 11, 6.5], "texture": "#1"},
				"up": {"uv": [9.5, 6.5, 10.5, 6.5], "rotation": 180, "texture": "#1"},
				"down": {"uv": [9.5, 6.5, 10.5, 6.5], "rotation": 180, "texture": "#1"}
			}
		},
		{
			"from": [10.98, 14.98, 10.98],
			"to": [13.02, 15.02, 13.02],
			"rotation": {"angle": 0, "axis": "y", "origin": [10, 21, 15]},
			"faces": {
				"north": {"uv": [11, 6, 12, 6], "texture": "#1"},
				"east": {"uv": [11, 6, 11, 7], "rotation": 90, "texture": "#1"},
				"south": {"uv": [11, 6, 12, 6], "rotation": 180, "texture": "#1"},
				"west": {"uv": [11, 6, 11, 7], "rotation": 270, "texture": "#1"},
				"up": {"uv": [9.5, 6.5, 10.5, 7.5], "texture": "#1"},
				"down": {"uv": [9.5, 6.5, 10.5, 7.5], "rotation": 180, "texture": "#1"}
			}
		},
		{
			"from": [10.98, 14.98, 2.98],
			"to": [13.02, 15.02, 5.02],
			"rotation": {"angle": 0, "axis": "y", "origin": [10, 21, 15]},
			"faces": {
				"north": {"uv": [11, 6, 12, 6], "texture": "#1"},
				"east": {"uv": [11, 6, 11, 7], "rotation": 90, "texture": "#1"},
				"south": {"uv": [11, 6, 12, 6], "rotation": 180, "texture": "#1"},
				"west": {"uv": [11, 6, 11, 7], "rotation": 270, "texture": "#1"},
				"up": {"uv": [9.5, 6.5, 10.5, 7.5], "texture": "#1"},
				"down": {"uv": [9.5, 6.5, 10.5, 7.5], "rotation": 180, "texture": "#1"}
			}
		},
		{
			"from": [2.98, 14.98, 2.98],
			"to": [5.02, 15.02, 5.02],
			"rotation": {"angle": 0, "axis": "y", "origin": [10, 21, 15]},
			"faces": {
				"north": {"uv": [11, 6, 12, 6], "texture": "#1"},
				"east": {"uv": [11, 6, 11, 7], "rotation": 90, "texture": "#1"},
				"south": {"uv": [11, 6, 12, 6], "rotation": 180, "texture": "#1"},
				"west": {"uv": [11, 6, 11, 7], "rotation": 270, "texture": "#1"},
				"up": {"uv": [9.5, 6.5, 10.5, 7.5], "texture": "#1"},
				"down": {"uv": [9.5, 6.5, 10.5, 7.5], "rotation": 180, "texture": "#1"}
			}
		},
		{
			"from": [2.98, 14.98, 10.98],
			"to": [5.02, 15.02, 13.02],
			"rotation": {"angle": 0, "axis": "y", "origin": [10, 21, 15]},
			"faces": {
				"north": {"uv": [11, 6, 12, 6], "texture": "#1"},
				"east": {"uv": [11, 6, 11, 7], "rotation": 90, "texture": "#1"},
				"south": {"uv": [11, 6, 12, 6], "rotation": 180, "texture": "#1"},
				"west": {"uv": [11, 6, 11, 7], "rotation": 270, "texture": "#1"},
				"up": {"uv": [9.5, 6.5, 10.5, 7.5], "texture": "#1"},
				"down": {"uv": [9.5, 6.5, 10.5, 7.5], "rotation": 180, "texture": "#1"}
			}
		},
		{
			"from": [10.98, 0.98, 10.98],
			"to": [13.02, 1.02, 13.02],
			"rotation": {"angle": 0, "axis": "y", "origin": [10, 21, 15]},
			"faces": {
				"north": {"uv": [11, 6, 12, 6], "rotation": 180, "texture": "#1"},
				"east": {"uv": [11, 6, 11, 7], "rotation": 90, "texture": "#1"},
				"south": {"uv": [11, 6, 12, 6], "texture": "#1"},
				"west": {"uv": [11, 6, 11, 7], "rotation": 270, "texture": "#1"},
				"up": {"uv": [9.5, 6.5, 10.5, 7.5], "texture": "#1"},
				"down": {"uv": [9.5, 6.5, 10.5, 7.5], "rotation": 180, "texture": "#1"}
			}
		},
		{
			"from": [2.98, 0.98, 10.98],
			"to": [5.02, 1.02, 13.02],
			"rotation": {"angle": 0, "axis": "y", "origin": [10, 21, 15]},
			"faces": {
				"north": {"uv": [11, 6, 12, 6], "rotation": 180, "texture": "#1"},
				"east": {"uv": [11, 6, 11, 7], "rotation": 90, "texture": "#1"},
				"south": {"uv": [11, 6, 12, 6], "texture": "#1"},
				"west": {"uv": [11, 6, 11, 7], "rotation": 270, "texture": "#1"},
				"up": {"uv": [9.5, 6.5, 10.5, 7.5], "texture": "#1"},
				"down": {"uv": [9.5, 6.5, 10.5, 7.5], "rotation": 180, "texture": "#1"}
			}
		},
		{
			"from": [2.98, 0.98, 2.98],
			"to": [5.02, 1.02, 5.02],
			"rotation": {"angle": 0, "axis": "y", "origin": [10, 21, 15]},
			"faces": {
				"north": {"uv": [11, 6, 12, 6], "rotation": 180, "texture": "#1"},
				"east": {"uv": [11, 6, 11, 7], "rotation": 90, "texture": "#1"},
				"south": {"uv": [11, 6, 12, 6], "texture": "#1"},
				"west": {"uv": [11, 6, 11, 7], "rotation": 270, "texture": "#1"},
				"up": {"uv": [9.5, 6.5, 10.5, 7.5], "texture": "#1"},
				"down": {"uv": [9.5, 6.5, 10.5, 7.5], "rotation": 180, "texture": "#1"}
			}
		},
		{
			"from": [10.98, 0.98, 2.98],
			"to": [13.02, 1.02, 5.02],
			"rotation": {"angle": 0, "axis": "y", "origin": [10, 21, 15]},
			"faces": {
				"north": {"uv": [11, 6, 12, 6], "rotation": 180, "texture": "#1"},
				"east": {"uv": [11, 6, 11, 7], "rotation": 90, "texture": "#1"},
				"south": {"uv": [11, 6, 12, 6], "texture": "#1"},
				"west": {"uv": [11, 6, 11, 7], "rotation": 270, "texture": "#1"},
				"up": {"uv": [9.5, 6.5, 10.5, 7.5], "texture": "#1"},
				"down": {"uv": [9.5, 6.5, 10.5, 7.5], "rotation": 180, "texture": "#1"}
			}
		},
		{
			"from": [10.99, 6.99, 14.99],
			"to": [13.01, 8.01, 15.01],
			"faces": {
				"north": {"uv": [11, 6, 12, 6.5], "texture": "#1"},
				"east": {"uv": [11, 6, 11, 6.5], "texture": "#1"},
				"south": {"uv": [11, 6, 12, 6.5], "texture": "#1"},
				"west": {"uv": [11, 6, 11, 6.5], "texture": "#1"},
				"up": {"uv": [9.5, 6.5, 10.5, 6.5], "rotation": 180, "texture": "#1"},
				"down": {"uv": [9.5, 6.5, 10.5, 6.5], "rotation": 180, "texture": "#1"}
			}
		},
		{
			"from": [2.99, 6.99, 14.99],
			"to": [5.01, 8.01, 15.01],
			"faces": {
				"north": {"uv": [11, 6, 12, 6.5], "texture": "#1"},
				"east": {"uv": [11, 6, 11, 6.5], "texture": "#1"},
				"south": {"uv": [11, 6, 12, 6.5], "texture": "#1"},
				"west": {"uv": [11, 6, 11, 6.5], "texture": "#1"},
				"up": {"uv": [9.5, 6.5, 10.5, 6.5], "rotation": 180, "texture": "#1"},
				"down": {"uv": [9.5, 6.5, 10.5, 6.5], "rotation": 180, "texture": "#1"}
			}
		},
		{
			"from": [1.99, 2.99, 14.99],
			"to": [4.01, 4.01, 15.01],
			"faces": {
				"north": {"uv": [11, 6, 12, 6.5], "texture": "#1"},
				"east": {"uv": [11, 6, 11, 6.5], "texture": "#1"},
				"south": {"uv": [11, 6, 12, 6.5], "texture": "#1"},
				"west": {"uv": [11, 6, 11, 6.5], "texture": "#1"},
				"up": {"uv": [9.5, 6.5, 10.5, 6.5], "rotation": 180, "texture": "#1"},
				"down": {"uv": [9.5, 6.5, 10.5, 6.5], "rotation": 180, "texture": "#1"}
			}
		},
		{
			"from": [4.99, 2.99, 14.99],
			"to": [7.01, 4.01, 15.01],
			"faces": {
				"north": {"uv": [11, 6, 12, 6.5], "texture": "#1"},
				"east": {"uv": [11, 6, 11, 6.5], "texture": "#1"},
				"south": {"uv": [11, 6, 12, 6.5], "texture": "#1"},
				"west": {"uv": [11, 6, 11, 6.5], "texture": "#1"},
				"up": {"uv": [9.5, 6.5, 10.5, 6.5], "rotation": 180, "texture": "#1"},
				"down": {"uv": [9.5, 6.5, 10.5, 6.5], "rotation": 180, "texture": "#1"}
			}
		},
		{
			"from": [4.99, 12.99, 14.99],
			"to": [7.01, 14.01, 15.01],
			"faces": {
				"north": {"uv": [11, 6, 12, 6.5], "texture": "#1"},
				"east": {"uv": [11, 6, 11, 6.5], "texture": "#1"},
				"south": {"uv": [11, 6, 12, 6.5], "texture": "#1"},
				"west": {"uv": [11, 6, 11, 6.5], "texture": "#1"},
				"up": {"uv": [9.5, 6.5, 10.5, 6.5], "rotation": 180, "texture": "#1"},
				"down": {"uv": [9.5, 6.5, 10.5, 6.5], "rotation": 180, "texture": "#1"}
			}
		},
		{
			"from": [1.98, 8.98, 13.98],
			"to": [5.02, 12.02, 14.02],
			"faces": {
				"north": {"uv": [11, 6, 12.5, 7.5], "texture": "#1"},
				"east": {"uv": [11, 6, 11, 7.5], "texture": "#1"},
				"south": {"uv": [11, 6, 12.5, 7.5], "texture": "#1"},
				"west": {"uv": [11, 6, 11, 7.5], "texture": "#1"},
				"up": {"uv": [9.5, 6.5, 11, 6.5], "rotation": 180, "texture": "#1"},
				"down": {"uv": [9.5, 6.5, 11, 6.5], "rotation": 180, "texture": "#1"}
			}
		},
		{
			"from": [10.98, 8.98, 13.98],
			"to": [14.02, 12.02, 14.02],
			"faces": {
				"north": {"uv": [11, 6, 12.5, 7.5], "texture": "#1"},
				"east": {"uv": [11, 6, 11, 7.5], "texture": "#1"},
				"south": {"uv": [11, 6, 12.5, 7.5], "texture": "#1"},
				"west": {"uv": [11, 6, 11, 7.5], "texture": "#1"},
				"up": {"uv": [9.5, 6.5, 11, 6.5], "rotation": 180, "texture": "#1"},
				"down": {"uv": [9.5, 6.5, 11, 6.5], "rotation": 180, "texture": "#1"}
			}
		},
		{
			"from": [14.99, 2.99, 1.99],
			"to": [15.01, 4.01, 4.01],
			"faces": {
				"north": {"uv": [11, 6, 11, 6.5], "texture": "#1"},
				"east": {"uv": [11, 6, 12, 6.5], "texture": "#1"},
				"south": {"uv": [11, 6, 11, 6.5], "texture": "#1"},
				"west": {"uv": [11, 6, 12, 6.5], "texture": "#1"},
				"up": {"uv": [9.5, 6.5, 10.5, 6.5], "rotation": 90, "texture": "#1"},
				"down": {"uv": [9.5, 6.5, 10.5, 6.5], "rotation": 270, "texture": "#1"}
			}
		},
		{
			"from": [14.99, 2.99, 4.99],
			"to": [15.01, 4.01, 7.01],
			"faces": {
				"north": {"uv": [11, 6, 11, 6.5], "texture": "#1"},
				"east": {"uv": [11, 6, 12, 6.5], "texture": "#1"},
				"south": {"uv": [11, 6, 11, 6.5], "texture": "#1"},
				"west": {"uv": [11, 6, 12, 6.5], "texture": "#1"},
				"up": {"uv": [9.5, 6.5, 10.5, 6.5], "rotation": 90, "texture": "#1"},
				"down": {"uv": [9.5, 6.5, 10.5, 6.5], "rotation": 270, "texture": "#1"}
			}
		},
		{
			"from": [14.99, 12.99, 4.99],
			"to": [15.01, 14.01, 7.01],
			"faces": {
				"north": {"uv": [11, 6, 11, 6.5], "texture": "#1"},
				"east": {"uv": [11, 6, 12, 6.5], "texture": "#1"},
				"south": {"uv": [11, 6, 11, 6.5], "texture": "#1"},
				"west": {"uv": [11, 6, 12, 6.5], "texture": "#1"},
				"up": {"uv": [9.5, 6.5, 10.5, 6.5], "rotation": 90, "texture": "#1"},
				"down": {"uv": [9.5, 6.5, 10.5, 6.5], "rotation": 270, "texture": "#1"}
			}
		},
		{
			"from": [14.99, 6.99, 2.99],
			"to": [15.01, 8.01, 5.01],
			"faces": {
				"north": {"uv": [11, 6, 11, 6.5], "texture": "#1"},
				"east": {"uv": [11, 6, 12, 6.5], "texture": "#1"},
				"south": {"uv": [11, 6, 11, 6.5], "texture": "#1"},
				"west": {"uv": [11, 6, 12, 6.5], "texture": "#1"},
				"up": {"uv": [9.5, 6.5, 10.5, 6.5], "rotation": 90, "texture": "#1"},
				"down": {"uv": [9.5, 6.5, 10.5, 6.5], "rotation": 270, "texture": "#1"}
			}
		},
		{
			"from": [14.99, 6.99, 10.99],
			"to": [15.01, 8.01, 13.01],
			"faces": {
				"north": {"uv": [11, 6, 11, 6.5], "texture": "#1"},
				"east": {"uv": [11, 6, 12, 6.5], "texture": "#1"},
				"south": {"uv": [11, 6, 11, 6.5], "texture": "#1"},
				"west": {"uv": [11, 6, 12, 6.5], "texture": "#1"},
				"up": {"uv": [9.5, 6.5, 10.5, 6.5], "rotation": 90, "texture": "#1"},
				"down": {"uv": [9.5, 6.5, 10.5, 6.5], "rotation": 270, "texture": "#1"}
			}
		},
		{
			"from": [14.99, 2.99, 11.99],
			"to": [15.01, 4.01, 14.01],
			"faces": {
				"north": {"uv": [11, 6, 11, 6.5], "texture": "#1"},
				"east": {"uv": [11, 6, 12, 6.5], "texture": "#1"},
				"south": {"uv": [11, 6, 11, 6.5], "texture": "#1"},
				"west": {"uv": [11, 6, 12, 6.5], "texture": "#1"},
				"up": {"uv": [9.5, 6.5, 10.5, 6.5], "rotation": 90, "texture": "#1"},
				"down": {"uv": [9.5, 6.5, 10.5, 6.5], "rotation": 270, "texture": "#1"}
			}
		},
		{
			"from": [14.99, 2.99, 8.99],
			"to": [15.01, 4.01, 11.01],
			"faces": {
				"north": {"uv": [11, 6, 11, 6.5], "texture": "#1"},
				"east": {"uv": [11, 6, 12, 6.5], "texture": "#1"},
				"south": {"uv": [11, 6, 11, 6.5], "texture": "#1"},
				"west": {"uv": [11, 6, 12, 6.5], "texture": "#1"},
				"up": {"uv": [9.5, 6.5, 10.5, 6.5], "rotation": 90, "texture": "#1"},
				"down": {"uv": [9.5, 6.5, 10.5, 6.5], "rotation": 270, "texture": "#1"}
			}
		},
		{
			"from": [14.99, 12.99, 8.99],
			"to": [15.01, 14.01, 11.01],
			"faces": {
				"north": {"uv": [11, 6, 11, 6.5], "texture": "#1"},
				"east": {"uv": [11, 6, 12, 6.5], "texture": "#1"},
				"south": {"uv": [11, 6, 11, 6.5], "texture": "#1"},
				"west": {"uv": [11, 6, 12, 6.5], "texture": "#1"},
				"up": {"uv": [9.5, 6.5, 10.5, 6.5], "rotation": 90, "texture": "#1"},
				"down": {"uv": [9.5, 6.5, 10.5, 6.5], "rotation": 270, "texture": "#1"}
			}
		},
		{
			"from": [13.98, 8.98, 10.98],
			"to": [14.02, 12.02, 14.02],
			"faces": {
				"north": {"uv": [11, 6, 11, 7.5], "texture": "#1"},
				"east": {"uv": [11, 6, 12.5, 7.5], "texture": "#1"},
				"south": {"uv": [11, 6, 11, 7.5], "texture": "#1"},
				"west": {"uv": [11, 6, 12.5, 7.5], "texture": "#1"},
				"up": {"uv": [9.5, 6.5, 11, 6.5], "rotation": 90, "texture": "#1"},
				"down": {"uv": [9.5, 6.5, 11, 6.5], "rotation": 270, "texture": "#1"}
			}
		},
		{
			"from": [13.98, 8.98, 1.98],
			"to": [14.02, 12.02, 5.02],
			"faces": {
				"north": {"uv": [11, 6, 11, 7.5], "texture": "#1"},
				"east": {"uv": [11, 6, 12.5, 7.5], "texture": "#1"},
				"south": {"uv": [11, 6, 11, 7.5], "texture": "#1"},
				"west": {"uv": [11, 6, 12.5, 7.5], "texture": "#1"},
				"up": {"uv": [9.5, 6.5, 11, 6.5], "rotation": 90, "texture": "#1"},
				"down": {"uv": [9.5, 6.5, 11, 6.5], "rotation": 270, "texture": "#1"}
			}
		},
		{
			"from": [9, 6, 0],
			"to": [10, 7, 1],
			"faces": {
				"north": {"uv": [10, 3.5, 10.5, 4], "texture": "#1"},
				"east": {"uv": [10, 3.5, 10.5, 4], "texture": "#1"},
				"south": {"uv": [10, 3.5, 10.5, 4], "texture": "#1"},
				"west": {"uv": [10, 3.5, 10.5, 4], "texture": "#1"},
				"up": {"uv": [10.5, 3.5, 11, 4], "texture": "#1"},
				"down": {"uv": [10, 3.5, 10.5, 4], "texture": "#1"}
			}
		},
		{
			"from": [7, 6, 1],
			"to": [9, 7, 2],
			"faces": {
				"north": {"uv": [9.5, 6.5, 10.5, 7], "texture": "#1"},
				"east": {"uv": [10, 3.5, 10.5, 4], "texture": "#1"},
				"south": {"uv": [10, 3.5, 11, 4], "texture": "#1"},
				"west": {"uv": [10, 3.5, 10.5, 4], "texture": "#1"},
				"up": {"uv": [10.5, 3.5, 11.5, 4], "texture": "#1"},
				"down": {"uv": [10, 3.5, 11, 4], "texture": "#1"}
			}
		},
		{
			"from": [6, 6, 0],
			"to": [7, 7, 1],
			"faces": {
				"north": {"uv": [10, 3.5, 10.5, 4], "texture": "#1"},
				"east": {"uv": [10, 3.5, 10.5, 4], "texture": "#1"},
				"south": {"uv": [10, 3.5, 10.5, 4], "texture": "#1"},
				"west": {"uv": [10, 3.5, 10.5, 4], "texture": "#1"},
				"up": {"uv": [10.5, 3.5, 11, 4], "texture": "#1"},
				"down": {"uv": [10, 3.5, 10.5, 4], "texture": "#1"}
			}
		},
		{
			"from": [6, 5, 0],
			"to": [10, 6, 1],
			"faces": {
				"north": {"uv": [10, 3.5, 12, 4], "texture": "#1"},
				"east": {"uv": [10, 3.5, 10.5, 4], "texture": "#1"},
				"south": {"uv": [10, 3.5, 12, 4], "texture": "#1"},
				"west": {"uv": [10, 3.5, 10.5, 4], "texture": "#1"},
				"up": {"uv": [10.5, 3.5, 12.5, 4], "texture": "#1"},
				"down": {"uv": [10, 3.5, 12, 4], "texture": "#1"}
			}
		},
		{
			"from": [5, 7, 0],
			"to": [11, 8, 1],
			"faces": {
				"north": {"uv": [10, 3.5, 13, 4], "texture": "#1"},
				"east": {"uv": [10, 3.5, 10.5, 4], "texture": "#1"},
				"south": {"uv": [10, 3.5, 13, 4], "texture": "#1"},
				"west": {"uv": [10, 3.5, 10.5, 4], "texture": "#1"},
				"up": {"uv": [10.5, 3.5, 13.5, 4], "texture": "#1"},
				"down": {"uv": [10, 3.5, 13, 4], "texture": "#1"}
			}
		},
		{
			"from": [10, 8, 0],
			"to": [11, 9, 1],
			"faces": {
				"north": {"uv": [10, 3.5, 10.5, 4], "texture": "#1"},
				"east": {"uv": [10, 3.5, 10.5, 4], "texture": "#1"},
				"south": {"uv": [10, 3.5, 10.5, 4], "texture": "#1"},
				"west": {"uv": [10, 3.5, 10.5, 4], "texture": "#1"},
				"up": {"uv": [10.5, 3.5, 11, 4], "texture": "#1"},
				"down": {"uv": [10, 3.5, 10.5, 4], "texture": "#1"}
			}
		},
		{
			"from": [5, 8, 0],
			"to": [6, 9, 1],
			"faces": {
				"north": {"uv": [10, 3.5, 10.5, 4], "texture": "#1"},
				"east": {"uv": [10, 3.5, 10.5, 4], "texture": "#1"},
				"south": {"uv": [10, 3.5, 10.5, 4], "texture": "#1"},
				"west": {"uv": [10, 3.5, 10.5, 4], "texture": "#1"},
				"up": {"uv": [10.5, 3.5, 11, 4], "texture": "#1"},
				"down": {"uv": [10, 3.5, 10.5, 4], "texture": "#1"}
			}
		},
		{
			"from": [7, 8, 0],
			"to": [9, 9, 1],
			"faces": {
				"north": {"uv": [10, 3.5, 11, 4], "texture": "#1"},
				"east": {"uv": [10, 3.5, 10.5, 4], "texture": "#1"},
				"south": {"uv": [10, 3.5, 11, 4], "texture": "#1"},
				"west": {"uv": [10, 3.5, 10.5, 4], "texture": "#1"},
				"up": {"uv": [10.5, 3.5, 11.5, 4], "texture": "#1"},
				"down": {"uv": [10, 3.5, 11, 4], "texture": "#1"}
			}
		},
		{
			"from": [7, 8, 0],
			"to": [9, 9, 1],
			"faces": {
				"north": {"uv": [10, 3.5, 11, 4], "texture": "#1"},
				"east": {"uv": [10, 3.5, 10.5, 4], "texture": "#1"},
				"south": {"uv": [10, 3.5, 11, 4], "texture": "#1"},
				"west": {"uv": [10, 3.5, 10.5, 4], "texture": "#1"},
				"up": {"uv": [10.5, 3.5, 11.5, 4], "texture": "#1"},
				"down": {"uv": [10, 3.5, 11, 4], "texture": "#1"}
			}
		},
		{
			"from": [5, 9, 0],
			"to": [11, 11, 1],
			"faces": {
				"north": {"uv": [10, 3.5, 13, 4.5], "texture": "#1"},
				"east": {"uv": [10, 3.5, 10.5, 4.5], "texture": "#1"},
				"south": {"uv": [10, 3.5, 13, 4.5], "texture": "#1"},
				"west": {"uv": [10, 3.5, 10.5, 4.5], "texture": "#1"},
				"up": {"uv": [10.5, 3.5, 13.5, 4], "texture": "#1"},
				"down": {"uv": [10, 3.5, 13, 4], "texture": "#1"}
			}
		},
		{
			"from": [0, 6, 6],
			"to": [1, 7, 7],
			"faces": {
				"north": {"uv": [10, 3.5, 10.5, 4], "texture": "#1"},
				"east": {"uv": [10, 3.5, 10.5, 4], "texture": "#1"},
				"south": {"uv": [10, 3.5, 10.5, 4], "texture": "#1"},
				"west": {"uv": [10, 3.5, 10.5, 4], "texture": "#1"},
				"up": {"uv": [10.5, 3.5, 11, 4], "rotation": 270, "texture": "#1"},
				"down": {"uv": [10, 3.5, 10.5, 4], "rotation": 90, "texture": "#1"}
			}
		},
		{
			"from": [1, 6, 7],
			"to": [2, 7, 9],
			"faces": {
				"north": {"uv": [10, 3.5, 10.5, 4], "texture": "#1"},
				"east": {"uv": [10, 3.5, 11, 4], "texture": "#1"},
				"south": {"uv": [10, 3.5, 10.5, 4], "texture": "#1"},
				"west": {"uv": [8.5, 6, 9.5, 6.5], "texture": "#1"},
				"up": {"uv": [10.5, 3.5, 11.5, 4], "rotation": 270, "texture": "#1"},
				"down": {"uv": [10, 3.5, 11, 4], "rotation": 90, "texture": "#1"}
			}
		},
		{
			"from": [0, 6, 9],
			"to": [1, 7, 10],
			"faces": {
				"north": {"uv": [10, 3.5, 10.5, 4], "texture": "#1"},
				"east": {"uv": [10, 3.5, 10.5, 4], "texture": "#1"},
				"south": {"uv": [10, 3.5, 10.5, 4], "texture": "#1"},
				"west": {"uv": [10, 3.5, 10.5, 4], "texture": "#1"},
				"up": {"uv": [10.5, 3.5, 11, 4], "rotation": 270, "texture": "#1"},
				"down": {"uv": [10, 3.5, 10.5, 4], "rotation": 90, "texture": "#1"}
			}
		},
		{
			"from": [0, 5, 6],
			"to": [1, 6, 10],
			"faces": {
				"north": {"uv": [10, 3.5, 10.5, 4], "texture": "#1"},
				"east": {"uv": [10, 3.5, 12, 4], "texture": "#1"},
				"south": {"uv": [10, 3.5, 10.5, 4], "texture": "#1"},
				"west": {"uv": [10, 3.5, 12, 4], "texture": "#1"},
				"up": {"uv": [10.5, 3.5, 12.5, 4], "rotation": 270, "texture": "#1"},
				"down": {"uv": [10, 3.5, 12, 4], "rotation": 90, "texture": "#1"}
			}
		},
		{
			"from": [0, 7, 5],
			"to": [1, 8, 11],
			"faces": {
				"north": {"uv": [10, 3.5, 10.5, 4], "texture": "#1"},
				"east": {"uv": [10, 3.5, 13, 4], "texture": "#1"},
				"south": {"uv": [10, 3.5, 10.5, 4], "texture": "#1"},
				"west": {"uv": [10, 3.5, 13, 4], "texture": "#1"},
				"up": {"uv": [10.5, 3.5, 13.5, 4], "rotation": 270, "texture": "#1"},
				"down": {"uv": [10, 3.5, 13, 4], "rotation": 90, "texture": "#1"}
			}
		},
		{
			"from": [0, 8, 5],
			"to": [1, 9, 6],
			"faces": {
				"north": {"uv": [10, 3.5, 10.5, 4], "texture": "#1"},
				"east": {"uv": [10, 3.5, 10.5, 4], "texture": "#1"},
				"south": {"uv": [10, 3.5, 10.5, 4], "texture": "#1"},
				"west": {"uv": [10, 3.5, 10.5, 4], "texture": "#1"},
				"up": {"uv": [10.5, 3.5, 11, 4], "rotation": 270, "texture": "#1"},
				"down": {"uv": [10, 3.5, 10.5, 4], "rotation": 90, "texture": "#1"}
			}
		},
		{
			"from": [0, 8, 10],
			"to": [1, 9, 11],
			"faces": {
				"north": {"uv": [10, 3.5, 10.5, 4], "texture": "#1"},
				"east": {"uv": [10, 3.5, 10.5, 4], "texture": "#1"},
				"south": {"uv": [10, 3.5, 10.5, 4], "texture": "#1"},
				"west": {"uv": [10, 3.5, 10.5, 4], "texture": "#1"},
				"up": {"uv": [10.5, 3.5, 11, 4], "rotation": 270, "texture": "#1"},
				"down": {"uv": [10, 3.5, 10.5, 4], "rotation": 90, "texture": "#1"}
			}
		},
		{
			"from": [0, 8, 7],
			"to": [1, 9, 9],
			"faces": {
				"north": {"uv": [10, 3.5, 10.5, 4], "texture": "#1"},
				"east": {"uv": [10, 3.5, 11, 4], "texture": "#1"},
				"south": {"uv": [10, 3.5, 10.5, 4], "texture": "#1"},
				"west": {"uv": [10, 3.5, 11, 4], "texture": "#1"},
				"up": {"uv": [10.5, 3.5, 11.5, 4], "rotation": 270, "texture": "#1"},
				"down": {"uv": [10, 3.5, 11, 4], "rotation": 90, "texture": "#1"}
			}
		},
		{
			"from": [0, 8, 7],
			"to": [1, 9, 9],
			"faces": {
				"north": {"uv": [10, 3.5, 10.5, 4], "texture": "#1"},
				"east": {"uv": [10, 3.5, 11, 4], "texture": "#1"},
				"south": {"uv": [10, 3.5, 10.5, 4], "texture": "#1"},
				"west": {"uv": [10, 3.5, 11, 4], "texture": "#1"},
				"up": {"uv": [10.5, 3.5, 11.5, 4], "rotation": 270, "texture": "#1"},
				"down": {"uv": [10, 3.5, 11, 4], "rotation": 90, "texture": "#1"}
			}
		},
		{
			"from": [0, 9, 5],
			"to": [1, 11, 11],
			"faces": {
				"north": {"uv": [10, 3.5, 10.5, 4.5], "texture": "#1"},
				"east": {"uv": [10, 3.5, 13, 4.5], "texture": "#1"},
				"south": {"uv": [10, 3.5, 10.5, 4.5], "texture": "#1"},
				"west": {"uv": [10, 3.5, 13, 4.5], "texture": "#1"},
				"up": {"uv": [10.5, 3.5, 13.5, 4], "rotation": 270, "texture": "#1"},
				"down": {"uv": [10, 3.5, 13, 4], "rotation": 90, "texture": "#1"}
			}
		},
		{
			"from": [6, 6, 15],
			"to": [7, 7, 16],
			"faces": {
				"north": {"uv": [10, 3.5, 10.5, 4], "texture": "#1"},
				"east": {"uv": [10, 3.5, 10.5, 4], "texture": "#1"},
				"south": {"uv": [10, 3.5, 10.5, 4], "texture": "#1"},
				"west": {"uv": [10, 3.5, 10.5, 4], "texture": "#1"},
				"up": {"uv": [10.5, 3.5, 11, 4], "rotation": 180, "texture": "#1"},
				"down": {"uv": [10, 3.5, 10.5, 4], "rotation": 180, "texture": "#1"}
			}
		},
		{
			"from": [7, 6, 14],
			"to": [9, 7, 15],
			"faces": {
				"north": {"uv": [10, 3.5, 11, 4], "texture": "#1"},
				"east": {"uv": [10, 3.5, 10.5, 4], "texture": "#1"},
				"south": {"uv": [9.5, 6.5, 10.5, 7], "texture": "#1"},
				"west": {"uv": [10, 3.5, 10.5, 4], "texture": "#1"},
				"up": {"uv": [10.5, 3.5, 11.5, 4], "rotation": 180, "texture": "#1"},
				"down": {"uv": [10, 3.5, 11, 4], "rotation": 180, "texture": "#1"}
			}
		},
		{
			"from": [9, 6, 15],
			"to": [10, 7, 16],
			"faces": {
				"north": {"uv": [10, 3.5, 10.5, 4], "texture": "#1"},
				"east": {"uv": [10, 3.5, 10.5, 4], "texture": "#1"},
				"south": {"uv": [10, 3.5, 10.5, 4], "texture": "#1"},
				"west": {"uv": [10, 3.5, 10.5, 4], "texture": "#1"},
				"up": {"uv": [10.5, 3.5, 11, 4], "rotation": 180, "texture": "#1"},
				"down": {"uv": [10, 3.5, 10.5, 4], "rotation": 180, "texture": "#1"}
			}
		},
		{
			"from": [6, 5, 15],
			"to": [10, 6, 16],
			"faces": {
				"north": {"uv": [10, 3.5, 12, 4], "texture": "#1"},
				"east": {"uv": [10, 3.5, 10.5, 4], "texture": "#1"},
				"south": {"uv": [10, 3.5, 12, 4], "texture": "#1"},
				"west": {"uv": [10, 3.5, 10.5, 4], "texture": "#1"},
				"up": {"uv": [10.5, 3.5, 12.5, 4], "rotation": 180, "texture": "#1"},
				"down": {"uv": [10, 3.5, 12, 4], "rotation": 180, "texture": "#1"}
			}
		},
		{
			"from": [5, 7, 15],
			"to": [11, 8, 16],
			"faces": {
				"north": {"uv": [10, 3.5, 13, 4], "texture": "#1"},
				"east": {"uv": [10, 3.5, 10.5, 4], "texture": "#1"},
				"south": {"uv": [10, 3.5, 13, 4], "texture": "#1"},
				"west": {"uv": [10, 3.5, 10.5, 4], "texture": "#1"},
				"up": {"uv": [10.5, 3.5, 13.5, 4], "rotation": 180, "texture": "#1"},
				"down": {"uv": [10, 3.5, 13, 4], "rotation": 180, "texture": "#1"}
			}
		},
		{
			"from": [5, 8, 15],
			"to": [6, 9, 16],
			"faces": {
				"north": {"uv": [10, 3.5, 10.5, 4], "texture": "#1"},
				"east": {"uv": [10, 3.5, 10.5, 4], "texture": "#1"},
				"south": {"uv": [10, 3.5, 10.5, 4], "texture": "#1"},
				"west": {"uv": [10, 3.5, 10.5, 4], "texture": "#1"},
				"up": {"uv": [10.5, 3.5, 11, 4], "rotation": 180, "texture": "#1"},
				"down": {"uv": [10, 3.5, 10.5, 4], "rotation": 180, "texture": "#1"}
			}
		},
		{
			"from": [10, 8, 15],
			"to": [11, 9, 16],
			"faces": {
				"north": {"uv": [10, 3.5, 10.5, 4], "texture": "#1"},
				"east": {"uv": [10, 3.5, 10.5, 4], "texture": "#1"},
				"south": {"uv": [10, 3.5, 10.5, 4], "texture": "#1"},
				"west": {"uv": [10, 3.5, 10.5, 4], "texture": "#1"},
				"up": {"uv": [10.5, 3.5, 11, 4], "rotation": 180, "texture": "#1"},
				"down": {"uv": [10, 3.5, 10.5, 4], "rotation": 180, "texture": "#1"}
			}
		},
		{
			"from": [7, 8, 15],
			"to": [9, 9, 16],
			"faces": {
				"north": {"uv": [10, 3.5, 11, 4], "texture": "#1"},
				"east": {"uv": [10, 3.5, 10.5, 4], "texture": "#1"},
				"south": {"uv": [10, 3.5, 11, 4], "texture": "#1"},
				"west": {"uv": [10, 3.5, 10.5, 4], "texture": "#1"},
				"up": {"uv": [10.5, 3.5, 11.5, 4], "rotation": 180, "texture": "#1"},
				"down": {"uv": [10, 3.5, 11, 4], "rotation": 180, "texture": "#1"}
			}
		},
		{
			"from": [7, 8, 15],
			"to": [9, 9, 16],
			"faces": {
				"north": {"uv": [10, 3.5, 11, 4], "texture": "#1"},
				"east": {"uv": [10, 3.5, 10.5, 4], "texture": "#1"},
				"south": {"uv": [10, 3.5, 11, 4], "texture": "#1"},
				"west": {"uv": [10, 3.5, 10.5, 4], "texture": "#1"},
				"up": {"uv": [10.5, 3.5, 11.5, 4], "rotation": 180, "texture": "#1"},
				"down": {"uv": [10, 3.5, 11, 4], "rotation": 180, "texture": "#1"}
			}
		},
		{
			"from": [5, 9, 15],
			"to": [11, 11, 16],
			"faces": {
				"north": {"uv": [10, 3.5, 13, 4.5], "texture": "#1"},
				"east": {"uv": [10, 3.5, 10.5, 4.5], "texture": "#1"},
				"south": {"uv": [10, 3.5, 13, 4.5], "texture": "#1"},
				"west": {"uv": [10, 3.5, 10.5, 4.5], "texture": "#1"},
				"up": {"uv": [10.5, 3.5, 13.5, 4], "rotation": 180, "texture": "#1"},
				"down": {"uv": [10, 3.5, 13, 4], "rotation": 180, "texture": "#1"}
			}
		},
		{
			"from": [15, 6, 9],
			"to": [16, 7, 10],
			"faces": {
				"north": {"uv": [10, 3.5, 10.5, 4], "texture": "#1"},
				"east": {"uv": [10, 3.5, 10.5, 4], "texture": "#1"},
				"south": {"uv": [10, 3.5, 10.5, 4], "texture": "#1"},
				"west": {"uv": [10, 3.5, 10.5, 4], "texture": "#1"},
				"up": {"uv": [10.5, 3.5, 11, 4], "rotation": 90, "texture": "#1"},
				"down": {"uv": [10, 3.5, 10.5, 4], "rotation": 270, "texture": "#1"}
			}
		},
		{
			"from": [14, 6, 7],
			"to": [15, 7, 9],
			"faces": {
				"north": {"uv": [10, 3.5, 10.5, 4], "texture": "#1"},
				"east": {"uv": [9.5, 6.5, 10.5, 7], "texture": "#1"},
				"south": {"uv": [10, 3.5, 10.5, 4], "texture": "#1"},
				"west": {"uv": [10, 3.5, 11, 4], "texture": "#1"},
				"up": {"uv": [10.5, 3.5, 11.5, 4], "rotation": 90, "texture": "#1"},
				"down": {"uv": [10, 3.5, 11, 4], "rotation": 270, "texture": "#1"}
			}
		},
		{
			"from": [15, 6, 6],
			"to": [16, 7, 7],
			"faces": {
				"north": {"uv": [10, 3.5, 10.5, 4], "texture": "#1"},
				"east": {"uv": [10, 3.5, 10.5, 4], "texture": "#1"},
				"south": {"uv": [10, 3.5, 10.5, 4], "texture": "#1"},
				"west": {"uv": [10, 3.5, 10.5, 4], "texture": "#1"},
				"up": {"uv": [10.5, 3.5, 11, 4], "rotation": 90, "texture": "#1"},
				"down": {"uv": [10, 3.5, 10.5, 4], "rotation": 270, "texture": "#1"}
			}
		},
		{
			"from": [15, 5, 6],
			"to": [16, 6, 10],
			"faces": {
				"north": {"uv": [10, 3.5, 10.5, 4], "texture": "#1"},
				"east": {"uv": [10, 3.5, 12, 4], "texture": "#1"},
				"south": {"uv": [10, 3.5, 10.5, 4], "texture": "#1"},
				"west": {"uv": [10, 3.5, 12, 4], "texture": "#1"},
				"up": {"uv": [10.5, 3.5, 12.5, 4], "rotation": 90, "texture": "#1"},
				"down": {"uv": [10, 3.5, 12, 4], "rotation": 270, "texture": "#1"}
			}
		},
		{
			"from": [15, 7, 5],
			"to": [16, 8, 11],
			"faces": {
				"north": {"uv": [10, 3.5, 10.5, 4], "texture": "#1"},
				"east": {"uv": [10, 3.5, 13, 4], "texture": "#1"},
				"south": {"uv": [10, 3.5, 10.5, 4], "texture": "#1"},
				"west": {"uv": [10, 3.5, 13, 4], "texture": "#1"},
				"up": {"uv": [10.5, 3.5, 13.5, 4], "rotation": 90, "texture": "#1"},
				"down": {"uv": [10, 3.5, 13, 4], "rotation": 270, "texture": "#1"}
			}
		},
		{
			"from": [15, 8, 10],
			"to": [16, 9, 11],
			"faces": {
				"north": {"uv": [10, 3.5, 10.5, 4], "texture": "#1"},
				"east": {"uv": [10, 3.5, 10.5, 4], "texture": "#1"},
				"south": {"uv": [10, 3.5, 10.5, 4], "texture": "#1"},
				"west": {"uv": [10, 3.5, 10.5, 4], "texture": "#1"},
				"up": {"uv": [10.5, 3.5, 11, 4], "rotation": 90, "texture": "#1"},
				"down": {"uv": [10, 3.5, 10.5, 4], "rotation": 270, "texture": "#1"}
			}
		},
		{
			"from": [15, 8, 5],
			"to": [16, 9, 6],
			"faces": {
				"north": {"uv": [10, 3.5, 10.5, 4], "texture": "#1"},
				"east": {"uv": [10, 3.5, 10.5, 4], "texture": "#1"},
				"south": {"uv": [10, 3.5, 10.5, 4], "texture": "#1"},
				"west": {"uv": [10, 3.5, 10.5, 4], "texture": "#1"},
				"up": {"uv": [10.5, 3.5, 11, 4], "rotation": 90, "texture": "#1"},
				"down": {"uv": [10, 3.5, 10.5, 4], "rotation": 270, "texture": "#1"}
			}
		},
		{
			"from": [15, 8, 7],
			"to": [16, 9, 9],
			"faces": {
				"north": {"uv": [10, 3.5, 10.5, 4], "texture": "#1"},
				"east": {"uv": [10, 3.5, 11, 4], "texture": "#1"},
				"south": {"uv": [10, 3.5, 10.5, 4], "texture": "#1"},
				"west": {"uv": [10, 3.5, 11, 4], "texture": "#1"},
				"up": {"uv": [10.5, 3.5, 11.5, 4], "rotation": 90, "texture": "#1"},
				"down": {"uv": [10, 3.5, 11, 4], "rotation": 270, "texture": "#1"}
			}
		},
		{
			"from": [15, 8, 7],
			"to": [16, 9, 9],
			"faces": {
				"north": {"uv": [10, 3.5, 10.5, 4], "texture": "#1"},
				"east": {"uv": [10, 3.5, 11, 4], "texture": "#1"},
				"south": {"uv": [10, 3.5, 10.5, 4], "texture": "#1"},
				"west": {"uv": [10, 3.5, 11, 4], "texture": "#1"},
				"up": {"uv": [10.5, 3.5, 11.5, 4], "rotation": 90, "texture": "#1"},
				"down": {"uv": [10, 3.5, 11, 4], "rotation": 270, "texture": "#1"}
			}
		},
		{
			"from": [15, 9, 5],
			"to": [16, 11, 11],
			"faces": {
				"north": {"uv": [10, 3.5, 10.5, 4.5], "texture": "#1"},
				"east": {"uv": [10, 3.5, 13, 4.5], "texture": "#1"},
				"south": {"uv": [10, 3.5, 10.5, 4.5], "texture": "#1"},
				"west": {"uv": [10, 3.5, 13, 4.5], "texture": "#1"},
				"up": {"uv": [10.5, 3.5, 13.5, 4], "rotation": 90, "texture": "#1"},
				"down": {"uv": [10, 3.5, 13, 4], "rotation": 270, "texture": "#1"}
			}
		},
		{
			"from": [0.98, 7.98, 5.98],
			"to": [1.02, 9.02, 10.02],
			"faces": {
				"north": {"uv": [15, 3.5, 15.5, 3.5], "rotation": 90, "texture": "#1"},
				"east": {"uv": [0, 0, 2, 0.5], "texture": "#1"},
				"south": {"uv": [15, 3.5, 15.5, 3.5], "rotation": 90, "texture": "#1"},
				"west": {"uv": [15, 3.5, 15.5, 5.5], "rotation": 90, "texture": "#1"},
				"up": {"uv": [0, 0, 0, 2], "texture": "#1"},
				"down": {"uv": [0, 0, 0, 2], "texture": "#1"}
			}
		},
		{
			"from": [14.98, 7.98, 5.98],
			"to": [15.02, 9.02, 10.02],
			"faces": {
				"north": {"uv": [15, 3.5, 15.5, 3.5], "rotation": 90, "texture": "#1"},
				"east": {"uv": [15, 3.5, 15.5, 5.5], "rotation": 90, "texture": "#1"},
				"south": {"uv": [15, 3.5, 15.5, 3.5], "rotation": 90, "texture": "#1"},
				"west": {"uv": [15, 3.5, 15.5, 5.5], "rotation": 90, "texture": "#1"},
				"up": {"uv": [0, 0, 0, 2], "texture": "#1"},
				"down": {"uv": [0, 0, 0, 2], "texture": "#1"}
			}
		},
		{
			"from": [5.98, 7.98, 0.98],
			"to": [10.02, 9.02, 1.02],
			"faces": {
				"north": {"uv": [15, 3.5, 15.5, 5.5], "rotation": 90, "texture": "#1"},
				"east": {"uv": [0, 0, 0, 0.5], "texture": "#1"},
				"south": {"uv": [15, 3.5, 15.5, 5.5], "rotation": 90, "texture": "#1"},
				"west": {"uv": [15, 3.5, 15.5, 3.5], "rotation": 90, "texture": "#1"},
				"up": {"uv": [0, 0, 0, 2], "rotation": 270, "texture": "#1"},
				"down": {"uv": [0, 0, 0, 2], "rotation": 90, "texture": "#1"}
			}
		},
		{
			"from": [5.98, 7.98, 14.98],
			"to": [10.02, 9.02, 15.02],
			"faces": {
				"north": {"uv": [15, 3.5, 15.5, 5.5], "rotation": 90, "texture": "#1"},
				"east": {"uv": [0, 0, 0, 0.5], "texture": "#1"},
				"south": {"uv": [15, 3.5, 15.5, 5.5], "rotation": 90, "texture": "#1"},
				"west": {"uv": [15, 3.5, 15.5, 3.5], "rotation": 90, "texture": "#1"},
				"up": {"uv": [0, 0, 0, 2], "rotation": 270, "texture": "#1"},
				"down": {"uv": [0, 0, 0, 2], "rotation": 90, "texture": "#1"}
			}
		},
		{
			"from": [12, 2, 1],
			"to": [13, 14, 2],
			"faces": {
				"north": {"uv": [9.5, 1.5, 15.5, 2], "rotation": 90, "texture": "#1"},
				"east": {"uv": [9, 0.5, 9.5, 6.5], "rotation": 180, "texture": "#1"},
				"south": {"uv": [8.5, 1.5, 14.5, 2], "rotation": 90, "texture": "#1"},
				"west": {"uv": [9.5, 0, 15.5, 0.5], "rotation": 90, "texture": "#1"},
				"up": {"uv": [10, 1.5, 10.5, 2], "rotation": 90, "texture": "#1"},
				"down": {"uv": [10, 2, 10.5, 2.5], "rotation": 270, "texture": "#1"}
			}
		},
		{
			"from": [3, 2, 1],
			"to": [4, 14, 2],
			"faces": {
				"north": {"uv": [9.5, 1.5, 15.5, 2], "rotation": 90, "texture": "#1"},
				"east": {"uv": [9, 0.5, 9.5, 6.5], "rotation": 180, "texture": "#1"},
				"south": {"uv": [8.5, 1.5, 14.5, 2], "rotation": 90, "texture": "#1"},
				"west": {"uv": [9.5, 0, 15.5, 0.5], "rotation": 90, "texture": "#1"},
				"up": {"uv": [10, 1.5, 10.5, 2], "rotation": 90, "texture": "#1"},
				"down": {"uv": [10, 2, 10.5, 2.5], "rotation": 270, "texture": "#1"}
			}
		},
		{
			"from": [2.99, 13.99, 1.99],
			"to": [4.01, 15.01, 14.01],
			"faces": {
				"north": {"uv": [9.5, 1.5, 10, 2], "rotation": 90, "texture": "#1"},
				"east": {"uv": [9, 0.5, 15, 1], "rotation": 180, "texture": "#1"},
				"south": {"uv": [8.5, 1.5, 9, 2], "rotation": 90, "texture": "#1"},
				"west": {"uv": [9.5, 0, 10, 6], "rotation": 90, "texture": "#1"},
				"up": {"uv": [10, 1.5, 16, 2], "rotation": 90, "texture": "#1"},
				"down": {"uv": [10, 2, 16, 2.5], "rotation": 270, "texture": "#1"}
			}
		},
		{
			"from": [2, 14, 3],
			"to": [14, 15, 4],
			"faces": {
				"north": {"uv": [9.5, 1.5, 10, 7.5], "rotation": 90, "texture": "#1"},
				"east": {"uv": [9, 0.5, 9.5, 1], "rotation": 180, "texture": "#1"},
				"south": {"uv": [8.5, 1.5, 9, 7.5], "rotation": 90, "texture": "#1"},
				"west": {"uv": [9.5, 0, 10, 0.5], "rotation": 90, "texture": "#1"},
				"up": {"uv": [10, 1.5, 10.5, 7.5], "rotation": 90, "texture": "#1"},
				"down": {"uv": [10, 2, 10.5, 8], "rotation": 270, "texture": "#1"}
			}
		},
		{
			"from": [2, 14, 6],
			"to": [14, 15, 7],
			"faces": {
				"north": {"uv": [9.5, 0, 10, 6], "rotation": 90, "texture": "#1"},
				"east": {"uv": [9, 0.5, 9.5, 1], "rotation": 180, "texture": "#1"},
				"south": {"uv": [8.5, 0, 9, 6], "rotation": 90, "texture": "#1"},
				"west": {"uv": [9.5, 0, 10, 0.5], "rotation": 90, "texture": "#1"},
				"up": {"uv": [10, 1.5, 10.5, 7.5], "rotation": 90, "texture": "#1"},
				"down": {"uv": [10, 2, 10.5, 8], "rotation": 270, "texture": "#1"}
			}
		},
		{
			"from": [2, 14, 9],
			"to": [14, 15, 10],
			"faces": {
				"north": {"uv": [9.5, 1.5, 10, 7.5], "rotation": 90, "texture": "#1"},
				"east": {"uv": [9, 0.5, 9.5, 1], "rotation": 180, "texture": "#1"},
				"south": {"uv": [8.5, 1.5, 9, 7.5], "rotation": 90, "texture": "#1"},
				"west": {"uv": [9.5, 0, 10, 0.5], "rotation": 90, "texture": "#1"},
				"up": {"uv": [10, 1.5, 10.5, 7.5], "rotation": 90, "texture": "#1"},
				"down": {"uv": [10, 2, 10.5, 8], "rotation": 270, "texture": "#1"}
			}
		},
		{
			"from": [2, 14, 12],
			"to": [14, 15, 13],
			"faces": {
				"north": {"uv": [9.5, 1.5, 10, 7.5], "rotation": 90, "texture": "#1"},
				"east": {"uv": [9, 0.5, 9.5, 1], "rotation": 180, "texture": "#1"},
				"south": {"uv": [8.5, 1.5, 9, 7.5], "rotation": 90, "texture": "#1"},
				"west": {"uv": [9.5, 0, 10, 0.5], "rotation": 90, "texture": "#1"},
				"up": {"uv": [10, 1.5, 10.5, 7.5], "rotation": 90, "texture": "#1"},
				"down": {"uv": [10, 2, 16, 2.5], "rotation": 270, "texture": "#1"}
			}
		},
		{
			"from": [5.99, 13.99, 1.99],
			"to": [7.01, 15.01, 14.01],
			"faces": {
				"north": {"uv": [9.5, 1.5, 10, 2], "rotation": 90, "texture": "#1"},
				"east": {"uv": [9, 0.5, 15, 1], "rotation": 180, "texture": "#1"},
				"south": {"uv": [8.5, 1.5, 9, 2], "rotation": 90, "texture": "#1"},
				"west": {"uv": [9.5, 0, 10, 6], "rotation": 90, "texture": "#1"},
				"up": {"uv": [10, 1.5, 16, 2], "rotation": 90, "texture": "#1"},
				"down": {"uv": [10, 2, 16, 2.5], "rotation": 270, "texture": "#1"}
			}
		},
		{
			"from": [8.99, 13.99, 1.99],
			"to": [10.01, 15.01, 14.01],
			"faces": {
				"north": {"uv": [9.5, 1.5, 10, 2], "rotation": 90, "texture": "#1"},
				"east": {"uv": [9, 0.5, 15, 1], "rotation": 180, "texture": "#1"},
				"south": {"uv": [8.5, 1.5, 9, 2], "rotation": 90, "texture": "#1"},
				"west": {"uv": [9.5, 0, 10, 6], "rotation": 90, "texture": "#1"},
				"up": {"uv": [10, 1.5, 16, 2], "rotation": 90, "texture": "#1"},
				"down": {"uv": [10, 2, 16, 2.5], "rotation": 270, "texture": "#1"}
			}
		},
		{
			"from": [11.99, 13.99, 1.99],
			"to": [13.01, 15.01, 14.01],
			"faces": {
				"north": {"uv": [9.5, 1.5, 10, 2], "rotation": 90, "texture": "#1"},
				"east": {"uv": [9, 0.5, 15, 1], "rotation": 180, "texture": "#1"},
				"south": {"uv": [8.5, 1.5, 9, 2], "rotation": 90, "texture": "#1"},
				"west": {"uv": [9.5, 0, 10, 6], "rotation": 90, "texture": "#1"},
				"up": {"uv": [10, 1.5, 16, 2], "rotation": 90, "texture": "#1"},
				"down": {"uv": [10, 2, 16, 2.5], "rotation": 270, "texture": "#1"}
			}
		},
		{
			"from": [11.99, 0.99, 1.99],
			"to": [13.01, 2.01, 14.01],
			"rotation": {"angle": 0, "axis": "y", "origin": [10, 21, 15]},
			"faces": {
				"north": {"uv": [9.5, 1.5, 10, 2], "rotation": 90, "texture": "#1"},
				"east": {"uv": [9, 0.5, 15, 1], "rotation": 180, "texture": "#1"},
				"south": {"uv": [8.5, 1.5, 9, 2], "rotation": 90, "texture": "#1"},
				"west": {"uv": [9.5, 0, 10, 6], "rotation": 90, "texture": "#1"},
				"up": {"uv": [10, 1.5, 16, 2], "rotation": 90, "texture": "#1"},
				"down": {"uv": [10, 2, 16, 2.5], "rotation": 270, "texture": "#1"}
			}
		},
		{
			"from": [8.99, 0.99, 1.99],
			"to": [10.01, 2.01, 14.01],
			"rotation": {"angle": 0, "axis": "y", "origin": [10, 21, 15]},
			"faces": {
				"north": {"uv": [9.5, 1.5, 10, 2], "rotation": 90, "texture": "#1"},
				"east": {"uv": [9, 0.5, 15, 1], "rotation": 180, "texture": "#1"},
				"south": {"uv": [8.5, 1.5, 9, 2], "rotation": 90, "texture": "#1"},
				"west": {"uv": [9.5, 0, 10, 6], "rotation": 90, "texture": "#1"},
				"up": {"uv": [10, 1.5, 16, 2], "rotation": 90, "texture": "#1"},
				"down": {"uv": [10, 2, 16, 2.5], "rotation": 270, "texture": "#1"}
			}
		},
		{
			"from": [5.99, 0.99, 1.99],
			"to": [7.01, 2.01, 14.01],
			"rotation": {"angle": 0, "axis": "y", "origin": [10, 21, 15]},
			"faces": {
				"north": {"uv": [9.5, 1.5, 10, 2], "rotation": 90, "texture": "#1"},
				"east": {"uv": [9, 0.5, 15, 1], "rotation": 180, "texture": "#1"},
				"south": {"uv": [8.5, 1.5, 9, 2], "rotation": 90, "texture": "#1"},
				"west": {"uv": [9.5, 0, 10, 6], "rotation": 90, "texture": "#1"},
				"up": {"uv": [10, 1.5, 16, 2], "rotation": 90, "texture": "#1"},
				"down": {"uv": [10, 2, 16, 2.5], "rotation": 270, "texture": "#1"}
			}
		},
		{
			"from": [2.99, 0.99, 1.99],
			"to": [4.01, 2.01, 14.01],
			"rotation": {"angle": 0, "axis": "y", "origin": [10, 21, 15]},
			"faces": {
				"north": {"uv": [9.5, 1.5, 10, 2], "rotation": 90, "texture": "#1"},
				"east": {"uv": [9, 0.5, 15, 1], "rotation": 180, "texture": "#1"},
				"south": {"uv": [8.5, 1.5, 9, 2], "rotation": 90, "texture": "#1"},
				"west": {"uv": [9.5, 0, 10, 6], "rotation": 90, "texture": "#1"},
				"up": {"uv": [10, 1.5, 16, 2], "rotation": 90, "texture": "#1"},
				"down": {"uv": [10, 2, 16, 2.5], "rotation": 270, "texture": "#1"}
			}
		},
		{
			"from": [2, 1, 6],
			"to": [14, 2, 7],
			"rotation": {"angle": 0, "axis": "y", "origin": [10, 21, 15]},
			"faces": {
				"north": {"uv": [9.5, 1.5, 10, 7.5], "rotation": 90, "texture": "#1"},
				"east": {"uv": [9, 0.5, 9.5, 1], "rotation": 180, "texture": "#1"},
				"south": {"uv": [8.5, 1.5, 9, 7.5], "rotation": 90, "texture": "#1"},
				"west": {"uv": [9.5, 0, 10, 0.5], "rotation": 90, "texture": "#1"},
				"up": {"uv": [10, 1.5, 10.5, 7.5], "rotation": 90, "texture": "#1"},
				"down": {"uv": [10, 2, 10.5, 8], "rotation": 270, "texture": "#1"}
			}
		},
		{
			"from": [2, 1, 3],
			"to": [14, 2, 4],
			"rotation": {"angle": 0, "axis": "y", "origin": [10, 21, 15]},
			"faces": {
				"north": {"uv": [9.5, 1.5, 10, 7.5], "rotation": 90, "texture": "#1"},
				"east": {"uv": [9, 0.5, 9.5, 1], "rotation": 180, "texture": "#1"},
				"south": {"uv": [8.5, 1.5, 9, 7.5], "rotation": 90, "texture": "#1"},
				"west": {"uv": [9.5, 0, 10, 0.5], "rotation": 90, "texture": "#1"},
				"up": {"uv": [10, 1.5, 10.5, 7.5], "rotation": 90, "texture": "#1"},
				"down": {"uv": [10, 2, 10.5, 8], "rotation": 270, "texture": "#1"}
			}
		},
		{
			"from": [2, 1, 9],
			"to": [14, 2, 10],
			"rotation": {"angle": 0, "axis": "y", "origin": [10, 21, 15]},
			"faces": {
				"north": {"uv": [9.5, 1.5, 10, 7.5], "rotation": 90, "texture": "#1"},
				"east": {"uv": [9, 0.5, 9.5, 1], "rotation": 180, "texture": "#1"},
				"south": {"uv": [8.5, 1.5, 9, 7.5], "rotation": 90, "texture": "#1"},
				"west": {"uv": [9.5, 0, 10, 0.5], "rotation": 90, "texture": "#1"},
				"up": {"uv": [10, 1.5, 10.5, 7.5], "rotation": 90, "texture": "#1"},
				"down": {"uv": [10, 2, 10.5, 8], "rotation": 270, "texture": "#1"}
			}
		},
		{
			"from": [2, 1, 12],
			"to": [14, 2, 13],
			"rotation": {"angle": 0, "axis": "y", "origin": [10, 21, 15]},
			"faces": {
				"north": {"uv": [9.5, 1.5, 10, 7.5], "rotation": 90, "texture": "#1"},
				"east": {"uv": [9, 0.5, 9.5, 1], "rotation": 180, "texture": "#1"},
				"south": {"uv": [8.5, 1.5, 9, 7.5], "rotation": 90, "texture": "#1"},
				"west": {"uv": [9.5, 0, 10, 0.5], "rotation": 90, "texture": "#1"},
				"up": {"uv": [10, 1.5, 10.5, 7.5], "rotation": 90, "texture": "#1"},
				"down": {"uv": [10, 2, 10.5, 8], "rotation": 270, "texture": "#1"}
			}
		},
		{
			"from": [9, 2, 1],
			"to": [10, 14, 2],
			"faces": {
				"north": {"uv": [9.5, 1.5, 15.5, 2], "rotation": 90, "texture": "#1"},
				"east": {"uv": [9, 0.5, 9.5, 6.5], "rotation": 180, "texture": "#1"},
				"south": {"uv": [8.5, 1.5, 14.5, 2], "rotation": 90, "texture": "#1"},
				"west": {"uv": [9.5, 0, 15.5, 0.5], "rotation": 90, "texture": "#1"},
				"up": {"uv": [10, 1.5, 10.5, 2], "rotation": 90, "texture": "#1"},
				"down": {"uv": [10, 2, 10.5, 2.5], "rotation": 270, "texture": "#1"}
			}
		},
		{
			"from": [6, 2, 1],
			"to": [7, 14, 2],
			"faces": {
				"north": {"uv": [9.5, 1.5, 15.5, 2], "rotation": 90, "texture": "#1"},
				"east": {"uv": [9, 0.5, 9.5, 6.5], "rotation": 180, "texture": "#1"},
				"south": {"uv": [8.5, 1.5, 14.5, 2], "rotation": 90, "texture": "#1"},
				"west": {"uv": [9.5, 0, 15.5, 0.5], "rotation": 90, "texture": "#1"},
				"up": {"uv": [10, 1.5, 10.5, 2], "rotation": 90, "texture": "#1"},
				"down": {"uv": [10, 2, 10.5, 2.5], "rotation": 270, "texture": "#1"}
			}
		},
		{
			"from": [1.99, 9.99, 0.99],
			"to": [14.01, 11.01, 2.01],
			"faces": {
				"north": {"uv": [9.5, 1.5, 10, 7.5], "rotation": 90, "texture": "#1"},
				"east": {"uv": [9, 0.5, 9.5, 1], "rotation": 180, "texture": "#1"},
				"south": {"uv": [8.5, 1.5, 9, 7.5], "rotation": 90, "texture": "#1"},
				"west": {"uv": [9.5, 0, 10, 0.5], "rotation": 90, "texture": "#1"},
				"up": {"uv": [10, 1.5, 10.5, 7.5], "rotation": 90, "texture": "#1"},
				"down": {"uv": [10, 2, 10.5, 8], "rotation": 270, "texture": "#1"}
			}
		},
		{
			"from": [1.99, 4.99, 0.99],
			"to": [14.01, 6.01, 2.01],
			"faces": {
				"north": {"uv": [9.5, 1.5, 10, 7.5], "rotation": 90, "texture": "#1"},
				"east": {"uv": [9, 0.5, 9.5, 1], "rotation": 180, "texture": "#1"},
				"south": {"uv": [8.5, 1.5, 9, 7.5], "rotation": 90, "texture": "#1"},
				"west": {"uv": [9.5, 0, 10, 0.5], "rotation": 90, "texture": "#1"},
				"up": {"uv": [10, 1.5, 10.5, 7.5], "rotation": 90, "texture": "#1"},
				"down": {"uv": [10, 2, 10.5, 8], "rotation": 270, "texture": "#1"}
			}
		},
		{
			"from": [1, 2, 3],
			"to": [2, 14, 4],
			"faces": {
				"north": {"uv": [9.5, 1.5, 15.5, 2], "rotation": 90, "texture": "#1"},
				"east": {"uv": [9, 0.5, 9.5, 6.5], "rotation": 180, "texture": "#1"},
				"south": {"uv": [8.5, 1.5, 14.5, 2], "rotation": 90, "texture": "#1"},
				"west": {"uv": [9.5, 0, 15.5, 0.5], "rotation": 90, "texture": "#1"},
				"up": {"uv": [10, 1.5, 10.5, 2], "rotation": 90, "texture": "#1"},
				"down": {"uv": [10, 2, 10.5, 2.5], "rotation": 270, "texture": "#1"}
			}
		},
		{
			"from": [1, 2, 12],
			"to": [2, 14, 13],
			"faces": {
				"north": {"uv": [9.5, 1.5, 15.5, 2], "rotation": 90, "texture": "#1"},
				"east": {"uv": [9, 0.5, 9.5, 6.5], "rotation": 180, "texture": "#1"},
				"south": {"uv": [8.5, 1.5, 14.5, 2], "rotation": 90, "texture": "#1"},
				"west": {"uv": [9.5, 0, 15.5, 0.5], "rotation": 90, "texture": "#1"},
				"up": {"uv": [10, 1.5, 10.5, 2], "rotation": 90, "texture": "#1"},
				"down": {"uv": [10, 2, 10.5, 2.5], "rotation": 270, "texture": "#1"}
			}
		},
		{
			"from": [1, 2, 6],
			"to": [2, 14, 7],
			"faces": {
				"north": {"uv": [9.5, 1.5, 15.5, 2], "rotation": 90, "texture": "#1"},
				"east": {"uv": [9, 0.5, 9.5, 6.5], "rotation": 180, "texture": "#1"},
				"south": {"uv": [8.5, 1.5, 14.5, 2], "rotation": 90, "texture": "#1"},
				"west": {"uv": [9.5, 0, 15.5, 0.5], "rotation": 90, "texture": "#1"},
				"up": {"uv": [10, 1.5, 10.5, 2], "rotation": 90, "texture": "#1"},
				"down": {"uv": [10, 2, 10.5, 2.5], "rotation": 270, "texture": "#1"}
			}
		},
		{
			"from": [1, 2, 9],
			"to": [2, 14, 10],
			"faces": {
				"north": {"uv": [9.5, 1.5, 15.5, 2], "rotation": 90, "texture": "#1"},
				"east": {"uv": [9, 0.5, 9.5, 6.5], "rotation": 180, "texture": "#1"},
				"south": {"uv": [8.5, 1.5, 14.5, 2], "rotation": 90, "texture": "#1"},
				"west": {"uv": [9.5, 0, 15.5, 0.5], "rotation": 90, "texture": "#1"},
				"up": {"uv": [10, 1.5, 10.5, 2], "rotation": 90, "texture": "#1"},
				"down": {"uv": [10, 2, 10.5, 2.5], "rotation": 270, "texture": "#1"}
			}
		},
		{
			"from": [0.99, 9.99, 1.99],
			"to": [2.01, 11.01, 14.01],
			"faces": {
				"north": {"uv": [9.5, 1.5, 10, 2], "rotation": 90, "texture": "#1"},
				"east": {"uv": [9, 0.5, 15, 1], "rotation": 180, "texture": "#1"},
				"south": {"uv": [8.5, 1.5, 9, 2], "rotation": 90, "texture": "#1"},
				"west": {"uv": [9.5, 0, 10, 6], "rotation": 90, "texture": "#1"},
				"up": {"uv": [10, 1.5, 16, 2], "rotation": 90, "texture": "#1"},
				"down": {"uv": [10, 2, 16, 2.5], "rotation": 270, "texture": "#1"}
			}
		},
		{
			"from": [0.99, 4.99, 1.99],
			"to": [2.01, 6.01, 14.01],
			"faces": {
				"north": {"uv": [9.5, 1.5, 10, 2], "rotation": 90, "texture": "#1"},
				"east": {"uv": [9, 0.5, 15, 1], "rotation": 180, "texture": "#1"},
				"south": {"uv": [8.5, 1.5, 9, 2], "rotation": 90, "texture": "#1"},
				"west": {"uv": [9.5, 0, 10, 6], "rotation": 90, "texture": "#1"},
				"up": {"uv": [10, 1.5, 16, 2], "rotation": 90, "texture": "#1"},
				"down": {"uv": [10, 2, 16, 2.5], "rotation": 270, "texture": "#1"}
			}
		},
		{
			"from": [3, 2, 14],
			"to": [4, 14, 15],
			"faces": {
				"north": {"uv": [9.5, 1.5, 15.5, 2], "rotation": 90, "texture": "#1"},
				"east": {"uv": [9, 0.5, 9.5, 6.5], "rotation": 180, "texture": "#1"},
				"south": {"uv": [8.5, 1, 14.5, 1.5], "rotation": 90, "texture": "#1"},
				"west": {"uv": [9.5, 0, 15.5, 0.5], "rotation": 90, "texture": "#1"},
				"up": {"uv": [10, 1.5, 10.5, 2], "rotation": 90, "texture": "#1"},
				"down": {"uv": [10, 2, 10.5, 2.5], "rotation": 270, "texture": "#1"}
			}
		},
		{
			"from": [12, 2, 14],
			"to": [13, 14, 15],
			"faces": {
				"north": {"uv": [9.5, 1.5, 15.5, 2], "rotation": 90, "texture": "#1"},
				"east": {"uv": [9, 0.5, 9.5, 6.5], "rotation": 180, "texture": "#1"},
				"south": {"uv": [8.5, 1.5, 14.5, 2], "rotation": 90, "texture": "#1"},
				"west": {"uv": [9.5, 0, 15.5, 0.5], "rotation": 90, "texture": "#1"},
				"up": {"uv": [10, 1.5, 10.5, 2], "rotation": 90, "texture": "#1"},
				"down": {"uv": [10, 2, 10.5, 2.5], "rotation": 270, "texture": "#1"}
			}
		},
		{
			"from": [6, 2, 14],
			"to": [7, 14, 15],
			"faces": {
				"north": {"uv": [9.5, 1.5, 15.5, 2], "rotation": 90, "texture": "#1"},
				"east": {"uv": [9, 0.5, 9.5, 6.5], "rotation": 180, "texture": "#1"},
				"south": {"uv": [8.5, 1.5, 14.5, 2], "rotation": 90, "texture": "#1"},
				"west": {"uv": [9.5, 0, 15.5, 0.5], "rotation": 90, "texture": "#1"},
				"up": {"uv": [10, 1.5, 10.5, 2], "rotation": 90, "texture": "#1"},
				"down": {"uv": [10, 2, 10.5, 2.5], "rotation": 270, "texture": "#1"}
			}
		},
		{
			"from": [9, 2, 14],
			"to": [10, 14, 15],
			"faces": {
				"north": {"uv": [9.5, 1.5, 15.5, 2], "rotation": 90, "texture": "#1"},
				"east": {"uv": [9, 0.5, 9.5, 6.5], "rotation": 180, "texture": "#1"},
				"south": {"uv": [8.5, 0.5, 14.5, 1], "rotation": 90, "texture": "#1"},
				"west": {"uv": [9.5, 0, 15.5, 0.5], "rotation": 90, "texture": "#1"},
				"up": {"uv": [10, 1.5, 10.5, 2], "rotation": 90, "texture": "#1"},
				"down": {"uv": [10, 2, 10.5, 2.5], "rotation": 270, "texture": "#1"}
			}
		},
		{
			"from": [1.99, 9.99, 13.99],
			"to": [14.01, 11.01, 15.01],
			"faces": {
				"north": {"uv": [9.5, 1.5, 10, 7.5], "rotation": 90, "texture": "#1"},
				"east": {"uv": [9, 0.5, 9.5, 1], "rotation": 180, "texture": "#1"},
				"south": {"uv": [8.5, 1.5, 14.5, 2], "rotation": 180, "texture": "#1"},
				"west": {"uv": [9.5, 0, 10, 0.5], "rotation": 90, "texture": "#1"},
				"up": {"uv": [10, 1.5, 10.5, 7.5], "rotation": 90, "texture": "#1"},
				"down": {"uv": [10, 2, 16, 2.5], "rotation": 270, "texture": "#1"}
			}
		},
		{
			"from": [1.99, 4.99, 13.99],
			"to": [14.01, 6.01, 15.01],
			"faces": {
				"north": {"uv": [9.5, 1.5, 10, 7.5], "rotation": 90, "texture": "#1"},
				"east": {"uv": [9, 0.5, 9.5, 1], "rotation": 180, "texture": "#1"},
				"south": {"uv": [8.5, 1.5, 9, 7.5], "rotation": 90, "texture": "#1"},
				"west": {"uv": [9.5, 0, 10, 0.5], "rotation": 90, "texture": "#1"},
				"up": {"uv": [10, 1.5, 10.5, 7.5], "rotation": 90, "texture": "#1"},
				"down": {"uv": [10, 2, 10.5, 8], "rotation": 270, "texture": "#1"}
			}
		},
		{
			"from": [14, 2, 12],
			"to": [15, 14, 13],
			"faces": {
				"north": {"uv": [9.5, 1.5, 15.5, 2], "rotation": 90, "texture": "#1"},
				"east": {"uv": [9, 0.5, 9.5, 6.5], "rotation": 180, "texture": "#1"},
				"south": {"uv": [8.5, 1.5, 14.5, 2], "rotation": 90, "texture": "#1"},
				"west": {"uv": [9.5, 0, 15.5, 0.5], "rotation": 90, "texture": "#1"},
				"up": {"uv": [10, 1.5, 10.5, 2], "rotation": 90, "texture": "#1"},
				"down": {"uv": [10, 2, 10.5, 2.5], "rotation": 270, "texture": "#1"}
			}
		},
		{
			"from": [14, 2, 3],
			"to": [15, 14, 4],
			"faces": {
				"north": {"uv": [9.5, 1.5, 15.5, 2], "rotation": 90, "texture": "#1"},
				"east": {"uv": [9, 0.5, 9.5, 6.5], "rotation": 180, "texture": "#1"},
				"south": {"uv": [8.5, 1.5, 14.5, 2], "rotation": 90, "texture": "#1"},
				"west": {"uv": [9.5, 0, 15.5, 0.5], "rotation": 90, "texture": "#1"},
				"up": {"uv": [10, 1.5, 10.5, 2], "rotation": 90, "texture": "#1"},
				"down": {"uv": [10, 2, 10.5, 2.5], "rotation": 270, "texture": "#1"}
			}
		},
		{
			"from": [14, 2, 9],
			"to": [15, 14, 10],
			"faces": {
				"north": {"uv": [9.5, 1.5, 15.5, 2], "rotation": 90, "texture": "#1"},
				"east": {"uv": [9, 0.5, 9.5, 6.5], "rotation": 180, "texture": "#1"},
				"south": {"uv": [8.5, 1.5, 14.5, 2], "rotation": 90, "texture": "#1"},
				"west": {"uv": [9.5, 0, 15.5, 0.5], "rotation": 90, "texture": "#1"},
				"up": {"uv": [10, 1.5, 10.5, 2], "rotation": 90, "texture": "#1"},
				"down": {"uv": [10, 2, 10.5, 2.5], "rotation": 270, "texture": "#1"}
			}
		},
		{
			"from": [14, 2, 6],
			"to": [15, 14, 7],
			"faces": {
				"north": {"uv": [9.5, 1.5, 15.5, 2], "rotation": 90, "texture": "#1"},
				"east": {"uv": [9, 0.5, 9.5, 6.5], "rotation": 180, "texture": "#1"},
				"south": {"uv": [8.5, 1.5, 14.5, 2], "rotation": 90, "texture": "#1"},
				"west": {"uv": [9.5, 0, 15.5, 0.5], "rotation": 90, "texture": "#1"},
				"up": {"uv": [10, 1.5, 10.5, 2], "rotation": 90, "texture": "#1"},
				"down": {"uv": [10, 2, 10.5, 2.5], "rotation": 270, "texture": "#1"}
			}
		},
		{
			"from": [13.99, 9.99, 1.99],
			"to": [15.01, 11.01, 14.01],
			"faces": {
				"north": {"uv": [9.5, 1.5, 10, 2], "rotation": 90, "texture": "#1"},
				"east": {"uv": [10, 0, 16, 0.5], "rotation": 180, "texture": "#1"},
				"south": {"uv": [8.5, 1.5, 9, 2], "rotation": 90, "texture": "#1"},
				"west": {"uv": [9.5, 0, 10, 6], "rotation": 90, "texture": "#1"},
				"up": {"uv": [10, 1.5, 16, 2], "rotation": 90, "texture": "#1"},
				"down": {"uv": [10, 2, 16, 2.5], "rotation": 270, "texture": "#1"}
			}
		},
		{
			"from": [13.99, 4.99, 1.99],
			"to": [15.01, 6.01, 14.01],
			"faces": {
				"north": {"uv": [9.5, 1.5, 10, 2], "rotation": 90, "texture": "#1"},
				"east": {"uv": [9, 0.5, 15, 1], "rotation": 180, "texture": "#1"},
				"south": {"uv": [8.5, 1.5, 9, 2], "rotation": 90, "texture": "#1"},
				"west": {"uv": [9.5, 0, 10, 6], "rotation": 90, "texture": "#1"},
				"up": {"uv": [10, 1.5, 16, 2], "rotation": 90, "texture": "#1"},
				"down": {"uv": [10, 2, 16, 2.5], "rotation": 270, "texture": "#1"}
			}
		},
		{
			"from": [0, 0, 0],
			"to": [2, 16, 2],
			"faces": {
				"north": {"uv": [7, 0, 8, 8], "texture": "#1"},
				"east": {"uv": [0, 0, 1, 8], "texture": "#1"},
				"south": {"uv": [7, 0, 8, 8], "texture": "#1"},
				"west": {"uv": [0, 0, 1, 8], "texture": "#1"},
				"up": {"uv": [0, 0, 1, 1], "texture": "#1"},
				"down": {"uv": [0, 7, 1, 8], "texture": "#1"}
			}
		},
		{
			"from": [0, 0, 14],
			"to": [2, 16, 16],
			"faces": {
				"north": {"uv": [0, 0, 1, 8], "texture": "#1"},
				"east": {"uv": [7, 0, 8, 8], "texture": "#1"},
				"south": {"uv": [0, 0, 1, 8], "texture": "#1"},
				"west": {"uv": [7, 0, 8, 8], "texture": "#1"},
				"up": {"uv": [0, 7, 1, 8], "texture": "#1"},
				"down": {"uv": [0, 0, 1, 1], "texture": "#1"}
			}
		},
		{
			"from": [14, 0, 14],
			"to": [16, 16, 16],
			"faces": {
				"north": {"uv": [7, 0, 8, 8], "texture": "#1"},
				"east": {"uv": [0, 0, 1, 8], "texture": "#1"},
				"south": {"uv": [7, 0, 8, 8], "texture": "#1"},
				"west": {"uv": [0, 0, 1, 8], "texture": "#1"},
				"up": {"uv": [7, 7, 8, 8], "texture": "#1"},
				"down": {"uv": [7, 0, 8, 1], "texture": "#1"}
			}
		},
		{
			"from": [14, 0, 0],
			"to": [16, 16, 2],
			"faces": {
				"north": {"uv": [0, 0, 1, 8], "texture": "#1"},
				"east": {"uv": [7, 0, 8, 8], "texture": "#1"},
				"south": {"uv": [0, 0, 1, 8], "texture": "#1"},
				"west": {"uv": [7, 0, 8, 8], "texture": "#1"},
				"up": {"uv": [7, 0, 8, 1], "texture": "#1"},
				"down": {"uv": [7, 7, 8, 8], "texture": "#1"}
			}
		},
		{
			"from": [2, 14, 0],
			"to": [14, 16, 2],
			"faces": {
				"north": {"uv": [1, 0, 7, 1], "texture": "#1"},
				"south": {"uv": [1, 7, 7, 8], "texture": "#1"},
				"up": {"uv": [7, 8, 1, 7], "texture": "#1"},
				"down": {"uv": [6.5, 0, 0.5, 1], "texture": "#1"}
			}
		},
		{
			"from": [2, 14, 14],
			"to": [14, 16, 16],
			"faces": {
				"north": {"uv": [7, 0.5, 8, 6.5], "rotation": 90, "texture": "#1"},
				"south": {"uv": [7, 1, 8, 7], "rotation": 270, "texture": "#1"},
				"up": {"uv": [1, 0, 7, 1], "rotation": 180, "texture": "#1"},
				"down": {"uv": [0.5, 0, 6.5, 1], "rotation": 180, "texture": "#1"}
			}
		},
		{
			"from": [2, 0, 14],
			"to": [14, 2, 16],
			"faces": {
				"north": {"uv": [0, 1, 1, 7], "rotation": 90, "texture": "#1"},
				"south": {"uv": [0, 1, 1, 7], "rotation": 270, "texture": "#1"},
				"up": {"uv": [7, 1, 8, 7], "rotation": 270, "texture": "#1"},
				"down": {"uv": [7, 1, 8, 7], "rotation": 270, "texture": "#1"}
			}
		},
		{
			"from": [2, 0, 0],
			"to": [14, 2, 2],
			"faces": {
				"north": {"uv": [1, 0, 7, 1], "rotation": 180, "texture": "#1"},
				"south": {"uv": [1, 7, 7, 8], "rotation": 180, "texture": "#1"},
				"up": {"uv": [0, 1, 1, 7], "rotation": 270, "texture": "#1"},
				"down": {"uv": [0, 1, 1, 7], "rotation": 270, "texture": "#1"}
			}
		},
		{
			"from": [0, 0, 2],
			"to": [2, 2, 14],
			"faces": {
				"east": {"uv": [7, 1.5, 8, 7.5], "rotation": 270, "texture": "#1"},
				"west": {"uv": [7, 1, 8, 7], "rotation": 90, "texture": "#1"},
				"up": {"uv": [0, 1, 1, 7], "rotation": 180, "texture": "#1"},
				"down": {"uv": [0, 1, 1, 7], "texture": "#1"}
			}
		},
		{
			"from": [14, 0, 2],
			"to": [16, 2, 14],
			"faces": {
				"east": {"uv": [0, 1, 1, 7], "rotation": 270, "texture": "#1"},
				"west": {"uv": [0, 0, 1, 6], "rotation": 90, "texture": "#1"},
				"up": {"uv": [7, 1, 8, 7], "rotation": 180, "texture": "#1"},
				"down": {"uv": [7, 1, 8, 7], "texture": "#1"}
			}
		},
		{
			"from": [14, 14, 2],
			"to": [16, 16, 14],
			"faces": {
				"east": {"uv": [7, 1, 8, 7], "rotation": 270, "texture": "#1"},
				"west": {"uv": [7, 1.5, 8, 7.5], "rotation": 90, "texture": "#1"},
				"up": {"uv": [0, 1, 1, 7], "rotation": 180, "texture": "#1"},
				"down": {"uv": [0, 1, 1, 7], "texture": "#1"}
			}
		},
		{
			"from": [0, 14, 2],
			"to": [2, 16, 14],
			"faces": {
				"north": {"uv": [0, 0, 1, 1], "rotation": 180, "texture": "#1"},
				"east": {"uv": [0, 0, 6, 1], "rotation": 180, "texture": "#1"},
				"west": {"uv": [1, 0, 7, 1], "texture": "#1"},
				"up": {"uv": [7, 1, 8, 7], "rotation": 180, "texture": "#1"},
				"down": {"uv": [7, 1.5, 8, 7.5], "texture": "#1"}
			}
		}
	],
	"display": {
		"thirdperson_righthand": {
			"rotation": [75, 45, 0],
			"translation": [0, 2.5, 0],
			"scale": [0.375, 0.375, 0.375]
		},
		"thirdperson_lefthand": {
			"rotation": [75, 45, 0],
			"translation": [0, 2.5, 0],
			"scale": [0.375, 0.375, 0.375]
		},
		"firstperson_righthand": {
			"rotation": [0, 45, 0],
			"scale": [0.4, 0.4, 0.4]
		},
		"firstperson_lefthand": {
			"rotation": [0, 225, 0],
			"scale": [0.4, 0.4, 0.4]
		},
		"ground": {
			"translation": [0, 3, 0],
			"scale": [0.4, 0.4, 0.4]
		},
		"gui": {
			"rotation": [30, 225, 0],
			"scale": [0.625, 0.625, 0.625]
		},
		"fixed": {
			"translation": [0, 0, 1.5]
		}
	},
	"groups": [
		{
			"name": "spawner",
			"origin": [8, 8, 8],
			"color": 0,
			"nbt": "{}",
			"children": [
				{
					"name": "accents",
					"origin": [0, 0, 0],
					"color": 0,
					"nbt": "{}",
					"children": [
						0,
						1,
						2,
						3,
						4,
						5,
						6,
						7,
						8,
						9,
						10,
						11,
						12,
						13,
						14,
						15,
						16,
						17,
						18,
						19,
						20,
						21,
						22,
						23,
						24,
						25,
						26,
						27,
						28,
						29,
						30,
						31,
						32,
						33,
						34,
						35,
						36,
						37,
						38,
						39,
						40,
						41,
						42,
						43,
						44,
						45,
						46,
						47
					]
				},
				{
					"name": "skull",
					"origin": [0, 0, 0],
					"color": 0,
					"nbt": "{}",
					"children": [48, 49, 50, 51, 52, 53, 54, 55, 56, 57, 58, 59, 60, 61, 62, 63, 64, 65, 66, 67, 68, 69, 70, 71, 72, 73, 74, 75, 76, 77, 78, 79, 80, 81, 82, 83, 84, 85, 86, 87, 88, 89, 90, 91]
				},
				{
					"name": "cage",
					"origin": [0, 0, 0],
					"color": 0,
					"nbt": "{}",
					"children": [92, 93, 94, 95, 96, 97, 98, 99, 100, 101, 102, 103, 104, 105, 106, 107, 108, 109, 110, 111, 112, 113, 114, 115, 116, 117, 118, 119, 120, 121, 122, 123, 124, 125, 126, 127, 128, 129, 130, 131]
				}
			]
		},
		{
			"name": "harness_frame",
			"origin": [0, 0, 0],
			"color": 0,
			"nbt": "{}",
			"children": [132, 133, 134, 135, 136, 137, 138, 139, 140, 141, 142, 143]
		}
	]
}