{
	"credit": "Made with Blockbench",
	"texture_size": [32, 32],
	"textures": {
		"1": "arcananovum:item/spawner_harness",
		"particle": "arcananovum:item/spawner_harness"
	},
	"elements": [
		{
			"from": [12, 2, 1],
			"to": [13, 14, 2],
			"faces": {
				"north": {"uv": [9.5, 1.5, 15.5, 2], "rotation": 90, "texture": "#1"},
				"east": {"uv": [9, 0.5, 9.5, 6.5], "rotation": 180, "texture": "#1"},
				"south": {"uv": [8.5, 1.5, 14.5, 2], "rotation": 90, "texture": "#1"},
				"west": {"uv": [9.5, 0, 15.5, 0.5], "rotation": 90, "texture": "#1"},
				"up": {"uv": [10, 1.5, 10.5, 2], "rotation": 90, "texture": "#1"},
				"down": {"uv": [10, 2, 10.5, 2.5], "rotation": 270, "texture": "#1"}
			}
		},
		{
			"from": [3, 2, 1],
			"to": [4, 14, 2],
			"faces": {
				"north": {"uv": [9.5, 1.5, 15.5, 2], "rotation": 90, "texture": "#1"},
				"east": {"uv": [9, 0.5, 9.5, 6.5], "rotation": 180, "texture": "#1"},
				"south": {"uv": [8.5, 1.5, 14.5, 2], "rotation": 90, "texture": "#1"},
				"west": {"uv": [9.5, 0, 15.5, 0.5], "rotation": 90, "texture": "#1"},
				"up": {"uv": [10, 1.5, 10.5, 2], "rotation": 90, "texture": "#1"},
				"down": {"uv": [10, 2, 10.5, 2.5], "rotation": 270, "texture": "#1"}
			}
		},
		{
			"from": [2.99, 13.99, 1.99],
			"to": [4.01, 15.01, 14.01],
			"faces": {
				"north": {"uv": [9.5, 1.5, 10, 2], "rotation": 90, "texture": "#1"},
				"east": {"uv": [9, 0.5, 15, 1], "rotation": 180, "texture": "#1"},
				"south": {"uv": [8.5, 1.5, 9, 2], "rotation": 90, "texture": "#1"},
				"west": {"uv": [9.5, 0, 10, 6], "rotation": 90, "texture": "#1"},
				"up": {"uv": [10, 1.5, 16, 2], "rotation": 90, "texture": "#1"},
				"down": {"uv": [10, 2, 16, 2.5], "rotation": 270, "texture": "#1"}
			}
		},
		{
			"from": [2, 14, 3],
			"to": [14, 15, 4],
			"faces": {
				"north": {"uv": [9.5, 1.5, 10, 7.5], "rotation": 90, "texture": "#1"},
				"east": {"uv": [9, 0.5, 9.5, 1], "rotation": 180, "texture": "#1"},
				"south": {"uv": [8.5, 1.5, 9, 7.5], "rotation": 90, "texture": "#1"},
				"west": {"uv": [9.5, 0, 10, 0.5], "rotation": 90, "texture": "#1"},
				"up": {"uv": [10, 1.5, 10.5, 7.5], "rotation": 90, "texture": "#1"},
				"down": {"uv": [10, 2, 10.5, 8], "rotation": 270, "texture": "#1"}
			}
		},
		{
			"from": [2, 14, 6],
			"to": [14, 15, 7],
			"faces": {
				"north": {"uv": [9.5, 0, 10, 6], "rotation": 90, "texture": "#1"},
				"east": {"uv": [9, 0.5, 9.5, 1], "rotation": 180, "texture": "#1"},
				"south": {"uv": [8.5, 0, 9, 6], "rotation": 90, "texture": "#1"},
				"west": {"uv": [9.5, 0, 10, 0.5], "rotation": 90, "texture": "#1"},
				"up": {"uv": [10, 1.5, 10.5, 7.5], "rotation": 90, "texture": "#1"},
				"down": {"uv": [10, 2, 10.5, 8], "rotation": 270, "texture": "#1"}
			}
		},
		{
			"from": [2, 14, 9],
			"to": [14, 15, 10],
			"faces": {
				"north": {"uv": [9.5, 1.5, 10, 7.5], "rotation": 90, "texture": "#1"},
				"east": {"uv": [9, 0.5, 9.5, 1], "rotation": 180, "texture": "#1"},
				"south": {"uv": [8.5, 1.5, 9, 7.5], "rotation": 90, "texture": "#1"},
				"west": {"uv": [9.5, 0, 10, 0.5], "rotation": 90, "texture": "#1"},
				"up": {"uv": [10, 1.5, 10.5, 7.5], "rotation": 90, "texture": "#1"},
				"down": {"uv": [10, 2, 10.5, 8], "rotation": 270, "texture": "#1"}
			}
		},
		{
			"from": [2, 14, 12],
			"to": [14, 15, 13],
			"faces": {
				"north": {"uv": [9.5, 1.5, 10, 7.5], "rotation": 90, "texture": "#1"},
				"east": {"uv": [9, 0.5, 9.5, 1], "rotation": 180, "texture": "#1"},
				"south": {"uv": [8.5, 1.5, 9, 7.5], "rotation": 90, "texture": "#1"},
				"west": {"uv": [9.5, 0, 10, 0.5], "rotation": 90, "texture": "#1"},
				"up": {"uv": [10, 1.5, 10.5, 7.5], "rotation": 90, "texture": "#1"},
				"down": {"uv": [10, 2, 16, 2.5], "rotation": 270, "texture": "#1"}
			}
		},
		{
			"from": [5.99, 13.99, 1.99],
			"to": [7.01, 15.01, 14.01],
			"faces": {
				"north": {"uv": [9.5, 1.5, 10, 2], "rotation": 90, "texture": "#1"},
				"east": {"uv": [9, 0.5, 15, 1], "rotation": 180, "texture": "#1"},
				"south": {"uv": [8.5, 1.5, 9, 2], "rotation": 90, "texture": "#1"},
				"west": {"uv": [9.5, 0, 10, 6], "rotation": 90, "texture": "#1"},
				"up": {"uv": [10, 1.5, 16, 2], "rotation": 90, "texture": "#1"},
				"down": {"uv": [10, 2, 16, 2.5], "rotation": 270, "texture": "#1"}
			}
		},
		{
			"from": [8.99, 13.99, 1.99],
			"to": [10.01, 15.01, 14.01],
			"faces": {
				"north": {"uv": [9.5, 1.5, 10, 2], "rotation": 90, "texture": "#1"},
				"east": {"uv": [9, 0.5, 15, 1], "rotation": 180, "texture": "#1"},
				"south": {"uv": [8.5, 1.5, 9, 2], "rotation": 90, "texture": "#1"},
				"west": {"uv": [9.5, 0, 10, 6], "rotation": 90, "texture": "#1"},
				"up": {"uv": [10, 1.5, 16, 2], "rotation": 90, "texture": "#1"},
				"down": {"uv": [10, 2, 16, 2.5], "rotation": 270, "texture": "#1"}
			}
		},
		{
			"from": [11.99, 13.99, 1.99],
			"to": [13.01, 15.01, 14.01],
			"faces": {
				"north": {"uv": [9.5, 1.5, 10, 2], "rotation": 90, "texture": "#1"},
				"east": {"uv": [9, 0.5, 15, 1], "rotation": 180, "texture": "#1"},
				"south": {"uv": [8.5, 1.5, 9, 2], "rotation": 90, "texture": "#1"},
				"west": {"uv": [9.5, 0, 10, 6], "rotation": 90, "texture": "#1"},
				"up": {"uv": [10, 1.5, 16, 2], "rotation": 90, "texture": "#1"},
				"down": {"uv": [10, 2, 16, 2.5], "rotation": 270, "texture": "#1"}
			}
		},
		{
			"from": [11.99, 0.99, 1.99],
			"to": [13.01, 2.01, 14.01],
			"rotation": {"angle": 0, "axis": "y", "origin": [10, 21, 15]},
			"faces": {
				"north": {"uv": [9.5, 1.5, 10, 2], "rotation": 90, "texture": "#1"},
				"east": {"uv": [9, 0.5, 15, 1], "rotation": 180, "texture": "#1"},
				"south": {"uv": [8.5, 1.5, 9, 2], "rotation": 90, "texture": "#1"},
				"west": {"uv": [9.5, 0, 10, 6], "rotation": 90, "texture": "#1"},
				"up": {"uv": [10, 1.5, 16, 2], "rotation": 90, "texture": "#1"},
				"down": {"uv": [10, 2, 16, 2.5], "rotation": 270, "texture": "#1"}
			}
		},
		{
			"from": [8.99, 0.99, 1.99],
			"to": [10.01, 2.01, 14.01],
			"rotation": {"angle": 0, "axis": "y", "origin": [10, 21, 15]},
			"faces": {
				"north": {"uv": [9.5, 1.5, 10, 2], "rotation": 90, "texture": "#1"},
				"east": {"uv": [9, 0.5, 15, 1], "rotation": 180, "texture": "#1"},
				"south": {"uv": [8.5, 1.5, 9, 2], "rotation": 90, "texture": "#1"},
				"west": {"uv": [9.5, 0, 10, 6], "rotation": 90, "texture": "#1"},
				"up": {"uv": [10, 1.5, 16, 2], "rotation": 90, "texture": "#1"},
				"down": {"uv": [10, 2, 16, 2.5], "rotation": 270, "texture": "#1"}
			}
		},
		{
			"from": [5.99, 0.99, 1.99],
			"to": [7.01, 2.01, 14.01],
			"rotation": {"angle": 0, "axis": "y", "origin": [10, 21, 15]},
			"faces": {
				"north": {"uv": [9.5, 1.5, 10, 2], "rotation": 90, "texture": "#1"},
				"east": {"uv": [9, 0.5, 15, 1], "rotation": 180, "texture": "#1"},
				"south": {"uv": [8.5, 1.5, 9, 2], "rotation": 90, "texture": "#1"},
				"west": {"uv": [9.5, 0, 10, 6], "rotation": 90, "texture": "#1"},
				"up": {"uv": [10, 1.5, 16, 2], "rotation": 90, "texture": "#1"},
				"down": {"uv": [10, 2, 16, 2.5], "rotation": 270, "texture": "#1"}
			}
		},
		{
			"from": [2.99, 0.99, 1.99],
			"to": [4.01, 2.01, 14.01],
			"rotation": {"angle": 0, "axis": "y", "origin": [10, 21, 15]},
			"faces": {
				"north": {"uv": [9.5, 1.5, 10, 2], "rotation": 90, "texture": "#1"},
				"east": {"uv": [9, 0.5, 15, 1], "rotation": 180, "texture": "#1"},
				"south": {"uv": [8.5, 1.5, 9, 2], "rotation": 90, "texture": "#1"},
				"west": {"uv": [9.5, 0, 10, 6], "rotation": 90, "texture": "#1"},
				"up": {"uv": [10, 1.5, 16, 2], "rotation": 90, "texture": "#1"},
				"down": {"uv": [10, 2, 16, 2.5], "rotation": 270, "texture": "#1"}
			}
		},
		{
			"from": [2, 1, 6],
			"to": [14, 2, 7],
			"rotation": {"angle": 0, "axis": "y", "origin": [10, 21, 15]},
			"faces": {
				"north": {"uv": [9.5, 1.5, 10, 7.5], "rotation": 90, "texture": "#1"},
				"east": {"uv": [9, 0.5, 9.5, 1], "rotation": 180, "texture": "#1"},
				"south": {"uv": [8.5, 1.5, 9, 7.5], "rotation": 90, "texture": "#1"},
				"west": {"uv": [9.5, 0, 10, 0.5], "rotation": 90, "texture": "#1"},
				"up": {"uv": [10, 1.5, 10.5, 7.5], "rotation": 90, "texture": "#1"},
				"down": {"uv": [10, 2, 10.5, 8], "rotation": 270, "texture": "#1"}
			}
		},
		{
			"from": [2, 1, 3],
			"to": [14, 2, 4],
			"rotation": {"angle": 0, "axis": "y", "origin": [10, 21, 15]},
			"faces": {
				"north": {"uv": [9.5, 1.5, 10, 7.5], "rotation": 90, "texture": "#1"},
				"east": {"uv": [9, 0.5, 9.5, 1], "rotation": 180, "texture": "#1"},
				"south": {"uv": [8.5, 1.5, 9, 7.5], "rotation": 90, "texture": "#1"},
				"west": {"uv": [9.5, 0, 10, 0.5], "rotation": 90, "texture": "#1"},
				"up": {"uv": [10, 1.5, 10.5, 7.5], "rotation": 90, "texture": "#1"},
				"down": {"uv": [10, 2, 10.5, 8], "rotation": 270, "texture": "#1"}
			}
		},
		{
			"from": [2, 1, 9],
			"to": [14, 2, 10],
			"rotation": {"angle": 0, "axis": "y", "origin": [10, 21, 15]},
			"faces": {
				"north": {"uv": [9.5, 1.5, 10, 7.5], "rotation": 90, "texture": "#1"},
				"east": {"uv": [9, 0.5, 9.5, 1], "rotation": 180, "texture": "#1"},
				"south": {"uv": [8.5, 1.5, 9, 7.5], "rotation": 90, "texture": "#1"},
				"west": {"uv": [9.5, 0, 10, 0.5], "rotation": 90, "texture": "#1"},
				"up": {"uv": [10, 1.5, 10.5, 7.5], "rotation": 90, "texture": "#1"},
				"down": {"uv": [10, 2, 10.5, 8], "rotation": 270, "texture": "#1"}
			}
		},
		{
			"from": [2, 1, 12],
			"to": [14, 2, 13],
			"rotation": {"angle": 0, "axis": "y", "origin": [10, 21, 15]},
			"faces": {
				"north": {"uv": [9.5, 1.5, 10, 7.5], "rotation": 90, "texture": "#1"},
				"east": {"uv": [9, 0.5, 9.5, 1], "rotation": 180, "texture": "#1"},
				"south": {"uv": [8.5, 1.5, 9, 7.5], "rotation": 90, "texture": "#1"},
				"west": {"uv": [9.5, 0, 10, 0.5], "rotation": 90, "texture": "#1"},
				"up": {"uv": [10, 1.5, 10.5, 7.5], "rotation": 90, "texture": "#1"},
				"down": {"uv": [10, 2, 10.5, 8], "rotation": 270, "texture": "#1"}
			}
		},
		{
			"from": [9, 2, 1],
			"to": [10, 14, 2],
			"faces": {
				"north": {"uv": [9.5, 1.5, 15.5, 2], "rotation": 90, "texture": "#1"},
				"east": {"uv": [9, 0.5, 9.5, 6.5], "rotation": 180, "texture": "#1"},
				"south": {"uv": [8.5, 1.5, 14.5, 2], "rotation": 90, "texture": "#1"},
				"west": {"uv": [9.5, 0, 15.5, 0.5], "rotation": 90, "texture": "#1"},
				"up": {"uv": [10, 1.5, 10.5, 2], "rotation": 90, "texture": "#1"},
				"down": {"uv": [10, 2, 10.5, 2.5], "rotation": 270, "texture": "#1"}
			}
		},
		{
			"from": [6, 2, 1],
			"to": [7, 14, 2],
			"faces": {
				"north": {"uv": [9.5, 1.5, 15.5, 2], "rotation": 90, "texture": "#1"},
				"east": {"uv": [9, 0.5, 9.5, 6.5], "rotation": 180, "texture": "#1"},
				"south": {"uv": [8.5, 1.5, 14.5, 2], "rotation": 90, "texture": "#1"},
				"west": {"uv": [9.5, 0, 15.5, 0.5], "rotation": 90, "texture": "#1"},
				"up": {"uv": [10, 1.5, 10.5, 2], "rotation": 90, "texture": "#1"},
				"down": {"uv": [10, 2, 10.5, 2.5], "rotation": 270, "texture": "#1"}
			}
		},
		{
			"from": [1, 2, 3],
			"to": [2, 14, 4],
			"faces": {
				"north": {"uv": [9.5, 1.5, 15.5, 2], "rotation": 90, "texture": "#1"},
				"east": {"uv": [9, 0.5, 9.5, 6.5], "rotation": 180, "texture": "#1"},
				"south": {"uv": [8.5, 1.5, 14.5, 2], "rotation": 90, "texture": "#1"},
				"west": {"uv": [9.5, 0, 15.5, 0.5], "rotation": 90, "texture": "#1"},
				"up": {"uv": [10, 1.5, 10.5, 2], "rotation": 90, "texture": "#1"},
				"down": {"uv": [10, 2, 10.5, 2.5], "rotation": 270, "texture": "#1"}
			}
		},
		{
			"from": [1, 2, 12],
			"to": [2, 14, 13],
			"faces": {
				"north": {"uv": [9.5, 1.5, 15.5, 2], "rotation": 90, "texture": "#1"},
				"east": {"uv": [9, 0.5, 9.5, 6.5], "rotation": 180, "texture": "#1"},
				"south": {"uv": [8.5, 1.5, 14.5, 2], "rotation": 90, "texture": "#1"},
				"west": {"uv": [9.5, 0, 15.5, 0.5], "rotation": 90, "texture": "#1"},
				"up": {"uv": [10, 1.5, 10.5, 2], "rotation": 90, "texture": "#1"},
				"down": {"uv": [10, 2, 10.5, 2.5], "rotation": 270, "texture": "#1"}
			}
		},
		{
			"from": [1, 2, 6],
			"to": [2, 14, 7],
			"faces": {
				"north": {"uv": [9.5, 1.5, 15.5, 2], "rotation": 90, "texture": "#1"},
				"east": {"uv": [9, 0.5, 9.5, 6.5], "rotation": 180, "texture": "#1"},
				"south": {"uv": [8.5, 1.5, 14.5, 2], "rotation": 90, "texture": "#1"},
				"west": {"uv": [9.5, 0, 15.5, 0.5], "rotation": 90, "texture": "#1"},
				"up": {"uv": [10, 1.5, 10.5, 2], "rotation": 90, "texture": "#1"},
				"down": {"uv": [10, 2, 10.5, 2.5], "rotation": 270, "texture": "#1"}
			}
		},
		{
			"from": [1, 2, 9],
			"to": [2, 14, 10],
			"faces": {
				"north": {"uv": [9.5, 1.5, 15.5, 2], "rotation": 90, "texture": "#1"},
				"east": {"uv": [9, 0.5, 9.5, 6.5], "rotation": 180, "texture": "#1"},
				"south": {"uv": [8.5, 1.5, 14.5, 2], "rotation": 90, "texture": "#1"},
				"west": {"uv": [9.5, 0, 15.5, 0.5], "rotation": 90, "texture": "#1"},
				"up": {"uv": [10, 1.5, 10.5, 2], "rotation": 90, "texture": "#1"},
				"down": {"uv": [10, 2, 10.5, 2.5], "rotation": 270, "texture": "#1"}
			}
		},
		{
			"from": [3, 2, 14],
			"to": [4, 14, 15],
			"faces": {
				"north": {"uv": [9.5, 1.5, 15.5, 2], "rotation": 90, "texture": "#1"},
				"east": {"uv": [9, 0.5, 9.5, 6.5], "rotation": 180, "texture": "#1"},
				"south": {"uv": [8.5, 1, 14.5, 1.5], "rotation": 90, "texture": "#1"},
				"west": {"uv": [9.5, 0, 15.5, 0.5], "rotation": 90, "texture": "#1"},
				"up": {"uv": [10, 1.5, 10.5, 2], "rotation": 90, "texture": "#1"},
				"down": {"uv": [10, 2, 10.5, 2.5], "rotation": 270, "texture": "#1"}
			}
		},
		{
			"from": [12, 2, 14],
			"to": [13, 14, 15],
			"faces": {
				"north": {"uv": [9.5, 1.5, 15.5, 2], "rotation": 90, "texture": "#1"},
				"east": {"uv": [9, 0.5, 9.5, 6.5], "rotation": 180, "texture": "#1"},
				"south": {"uv": [8.5, 1.5, 14.5, 2], "rotation": 90, "texture": "#1"},
				"west": {"uv": [9.5, 0, 15.5, 0.5], "rotation": 90, "texture": "#1"},
				"up": {"uv": [10, 1.5, 10.5, 2], "rotation": 90, "texture": "#1"},
				"down": {"uv": [10, 2, 10.5, 2.5], "rotation": 270, "texture": "#1"}
			}
		},
		{
			"from": [6, 2, 14],
			"to": [7, 14, 15],
			"faces": {
				"north": {"uv": [9.5, 1.5, 15.5, 2], "rotation": 90, "texture": "#1"},
				"east": {"uv": [9, 0.5, 9.5, 6.5], "rotation": 180, "texture": "#1"},
				"south": {"uv": [8.5, 1.5, 14.5, 2], "rotation": 90, "texture": "#1"},
				"west": {"uv": [9.5, 0, 15.5, 0.5], "rotation": 90, "texture": "#1"},
				"up": {"uv": [10, 1.5, 10.5, 2], "rotation": 90, "texture": "#1"},
				"down": {"uv": [10, 2, 10.5, 2.5], "rotation": 270, "texture": "#1"}
			}
		},
		{
			"from": [9, 2, 14],
			"to": [10, 14, 15],
			"faces": {
				"north": {"uv": [9.5, 1.5, 15.5, 2], "rotation": 90, "texture": "#1"},
				"east": {"uv": [9, 0.5, 9.5, 6.5], "rotation": 180, "texture": "#1"},
				"south": {"uv": [8.5, 0.5, 14.5, 1], "rotation": 90, "texture": "#1"},
				"west": {"uv": [9.5, 0, 15.5, 0.5], "rotation": 90, "texture": "#1"},
				"up": {"uv": [10, 1.5, 10.5, 2], "rotation": 90, "texture": "#1"},
				"down": {"uv": [10, 2, 10.5, 2.5], "rotation": 270, "texture": "#1"}
			}
		},
		{
			"from": [14, 2, 12],
			"to": [15, 14, 13],
			"faces": {
				"north": {"uv": [9.5, 1.5, 15.5, 2], "rotation": 90, "texture": "#1"},
				"east": {"uv": [9, 0.5, 9.5, 6.5], "rotation": 180, "texture": "#1"},
				"south": {"uv": [8.5, 1.5, 14.5, 2], "rotation": 90, "texture": "#1"},
				"west": {"uv": [9.5, 0, 15.5, 0.5], "rotation": 90, "texture": "#1"},
				"up": {"uv": [10, 1.5, 10.5, 2], "rotation": 90, "texture": "#1"},
				"down": {"uv": [10, 2, 10.5, 2.5], "rotation": 270, "texture": "#1"}
			}
		},
		{
			"from": [14, 2, 3],
			"to": [15, 14, 4],
			"faces": {
				"north": {"uv": [9.5, 1.5, 15.5, 2], "rotation": 90, "texture": "#1"},
				"east": {"uv": [9, 0.5, 9.5, 6.5], "rotation": 180, "texture": "#1"},
				"south": {"uv": [8.5, 1.5, 14.5, 2], "rotation": 90, "texture": "#1"},
				"west": {"uv": [9.5, 0, 15.5, 0.5], "rotation": 90, "texture": "#1"},
				"up": {"uv": [10, 1.5, 10.5, 2], "rotation": 90, "texture": "#1"},
				"down": {"uv": [10, 2, 10.5, 2.5], "rotation": 270, "texture": "#1"}
			}
		},
		{
			"from": [14, 2, 9],
			"to": [15, 14, 10],
			"faces": {
				"north": {"uv": [9.5, 1.5, 15.5, 2], "rotation": 90, "texture": "#1"},
				"east": {"uv": [9, 0.5, 9.5, 6.5], "rotation": 180, "texture": "#1"},
				"south": {"uv": [8.5, 1.5, 14.5, 2], "rotation": 90, "texture": "#1"},
				"west": {"uv": [9.5, 0, 15.5, 0.5], "rotation": 90, "texture": "#1"},
				"up": {"uv": [10, 1.5, 10.5, 2], "rotation": 90, "texture": "#1"},
				"down": {"uv": [10, 2, 10.5, 2.5], "rotation": 270, "texture": "#1"}
			}
		},
		{
			"from": [14, 2, 6],
			"to": [15, 14, 7],
			"faces": {
				"north": {"uv": [9.5, 1.5, 15.5, 2], "rotation": 90, "texture": "#1"},
				"east": {"uv": [9, 0.5, 9.5, 6.5], "rotation": 180, "texture": "#1"},
				"south": {"uv": [8.5, 1.5, 14.5, 2], "rotation": 90, "texture": "#1"},
				"west": {"uv": [9.5, 0, 15.5, 0.5], "rotation": 90, "texture": "#1"},
				"up": {"uv": [10, 1.5, 10.5, 2], "rotation": 90, "texture": "#1"},
				"down": {"uv": [10, 2, 10.5, 2.5], "rotation": 270, "texture": "#1"}
			}
		},
		{
			"from": [0, 0, 0],
			"to": [2, 16, 2],
			"faces": {
				"north": {"uv": [7, 0, 8, 8], "texture": "#1"},
				"east": {"uv": [0, 0, 1, 8], "texture": "#1"},
				"south": {"uv": [7, 0, 8, 8], "texture": "#1"},
				"west": {"uv": [0, 0, 1, 8], "texture": "#1"},
				"up": {"uv": [0, 0, 1, 1], "texture": "#1"},
				"down": {"uv": [0, 7, 1, 8], "texture": "#1"}
			}
		},
		{
			"from": [0, 0, 14],
			"to": [2, 16, 16],
			"faces": {
				"north": {"uv": [0, 0, 1, 8], "texture": "#1"},
				"east": {"uv": [7, 0, 8, 8], "texture": "#1"},
				"south": {"uv": [0, 0, 1, 8], "texture": "#1"},
				"west": {"uv": [7, 0, 8, 8], "texture": "#1"},
				"up": {"uv": [0, 7, 1, 8], "texture": "#1"},
				"down": {"uv": [0, 0, 1, 1], "texture": "#1"}
			}
		},
		{
			"from": [14, 0, 14],
			"to": [16, 16, 16],
			"faces": {
				"north": {"uv": [7, 0, 8, 8], "texture": "#1"},
				"east": {"uv": [0, 0, 1, 8], "texture": "#1"},
				"south": {"uv": [7, 0, 8, 8], "texture": "#1"},
				"west": {"uv": [0, 0, 1, 8], "texture": "#1"},
				"up": {"uv": [7, 7, 8, 8], "texture": "#1"},
				"down": {"uv": [7, 0, 8, 1], "texture": "#1"}
			}
		},
		{
			"from": [14, 0, 0],
			"to": [16, 16, 2],
			"faces": {
				"north": {"uv": [0, 0, 1, 8], "texture": "#1"},
				"east": {"uv": [7, 0, 8, 8], "texture": "#1"},
				"south": {"uv": [0, 0, 1, 8], "texture": "#1"},
				"west": {"uv": [7, 0, 8, 8], "texture": "#1"},
				"up": {"uv": [7, 0, 8, 1], "texture": "#1"},
				"down": {"uv": [7, 7, 8, 8], "texture": "#1"}
			}
		},
		{
			"from": [2, 14, 0],
			"to": [14, 16, 2],
			"faces": {
				"north": {"uv": [1, 0, 7, 1], "texture": "#1"},
				"south": {"uv": [1, 7, 7, 8], "texture": "#1"},
				"up": {"uv": [7, 8, 1, 7], "texture": "#1"},
				"down": {"uv": [6.5, 0, 0.5, 1], "texture": "#1"}
			}
		},
		{
			"from": [2, 14, 14],
			"to": [14, 16, 16],
			"faces": {
				"north": {"uv": [7, 0.5, 8, 6.5], "rotation": 90, "texture": "#1"},
				"south": {"uv": [7, 1, 8, 7], "rotation": 270, "texture": "#1"},
				"up": {"uv": [1, 0, 7, 1], "rotation": 180, "texture": "#1"},
				"down": {"uv": [0.5, 0, 6.5, 1], "rotation": 180, "texture": "#1"}
			}
		},
		{
			"from": [2, 0, 14],
			"to": [14, 2, 16],
			"faces": {
				"north": {"uv": [0, 1, 1, 7], "rotation": 90, "texture": "#1"},
				"south": {"uv": [0, 1, 1, 7], "rotation": 270, "texture": "#1"},
				"up": {"uv": [7, 1, 8, 7], "rotation": 270, "texture": "#1"},
				"down": {"uv": [7, 1, 8, 7], "rotation": 270, "texture": "#1"}
			}
		},
		{
			"from": [2, 0, 0],
			"to": [14, 2, 2],
			"faces": {
				"north": {"uv": [1, 0, 7, 1], "rotation": 180, "texture": "#1"},
				"south": {"uv": [1, 7, 7, 8], "rotation": 180, "texture": "#1"},
				"up": {"uv": [0, 1, 1, 7], "rotation": 270, "texture": "#1"},
				"down": {"uv": [0, 1, 1, 7], "rotation": 270, "texture": "#1"}
			}
		},
		{
			"from": [0, 0, 2],
			"to": [2, 2, 14],
			"faces": {
				"east": {"uv": [7, 1.5, 8, 7.5], "rotation": 270, "texture": "#1"},
				"west": {"uv": [7, 1, 8, 7], "rotation": 90, "texture": "#1"},
				"up": {"uv": [0, 1, 1, 7], "rotation": 180, "texture": "#1"},
				"down": {"uv": [0, 1, 1, 7], "texture": "#1"}
			}
		},
		{
			"from": [14, 0, 2],
			"to": [16, 2, 14],
			"faces": {
				"east": {"uv": [0, 1, 1, 7], "rotation": 270, "texture": "#1"},
				"west": {"uv": [0, 0, 1, 6], "rotation": 90, "texture": "#1"},
				"up": {"uv": [7, 1, 8, 7], "rotation": 180, "texture": "#1"},
				"down": {"uv": [7, 1, 8, 7], "texture": "#1"}
			}
		},
		{
			"from": [14, 14, 2],
			"to": [16, 16, 14],
			"faces": {
				"east": {"uv": [7, 1, 8, 7], "rotation": 270, "texture": "#1"},
				"west": {"uv": [7, 1.5, 8, 7.5], "rotation": 90, "texture": "#1"},
				"up": {"uv": [0, 1, 1, 7], "rotation": 180, "texture": "#1"},
				"down": {"uv": [0, 1, 1, 7], "texture": "#1"}
			}
		},
		{
			"from": [0, 14, 2],
			"to": [2, 16, 14],
			"faces": {
				"north": {"uv": [0, 0, 1, 1], "rotation": 180, "texture": "#1"},
				"east": {"uv": [0, 0, 6, 1], "rotation": 180, "texture": "#1"},
				"west": {"uv": [1, 0, 7, 1], "texture": "#1"},
				"up": {"uv": [7, 1, 8, 7], "rotation": 180, "texture": "#1"},
				"down": {"uv": [7, 1.5, 8, 7.5], "texture": "#1"}
			}
		}
	],
	"display": {
		"thirdperson_righthand": {
			"rotation": [75, 45, 0],
			"translation": [0, 2.5, 0],
			"scale": [0.375, 0.375, 0.375]
		},
		"thirdperson_lefthand": {
			"rotation": [75, 45, 0],
			"translation": [0, 2.5, 0],
			"scale": [0.375, 0.375, 0.375]
		},
		"firstperson_righthand": {
			"rotation": [0, 45, 0],
			"scale": [0.4, 0.4, 0.4]
		},
		"firstperson_lefthand": {
			"rotation": [0, 225, 0],
			"scale": [0.4, 0.4, 0.4]
		},
		"ground": {
			"translation": [0, 3, 0],
			"scale": [0.4, 0.4, 0.4]
		},
		"gui": {
			"rotation": [30, 225, 0],
			"scale": [0.625, 0.625, 0.625]
		},
		"fixed": {
			"translation": [0, 0, 1.5]
		}
	},
	"groups": [
		{
			"name": "spawner",
			"origin": [8, 8, 8],
			"color": 0,
			"nbt": "{}",
			"children": [
				{
					"name": "cage",
					"origin": [0, 0, 0],
					"color": 0,
					"nbt": "{}",
					"children": [0, 1, 2, 3, 4, 5, 6, 7, 8, 9, 10, 11, 12, 13, 14, 15, 16, 17, 18, 19, 20, 21, 22, 23, 24, 25, 26, 27, 28, 29, 30, 31]
				}
			]
		},
		{
			"name": "harness_frame",
			"origin": [0, 0, 0],
			"color": 0,
			"nbt": "{}",
			"children": [32, 33, 34, 35, 36, 37, 38, 39, 40, 41, 42, 43]
		}
	]
}