{
	"credit": "Made with Blockbench",
	"texture_size": [32, 32],
	"textures": {
		"1": "arcananovum:item/telescoping_beacon",
		"particle": "arcananovum:item/telescoping_beacon"
	},
	"elements": [
		{
			"from": [10.99, -0.01, -0.01],
			"to": [16.01, 5.01, 5.01],
			"faces": {
				"north": {"uv": [2.5, 8, 5, 10.5], "texture": "#1"},
				"east": {"uv": [2.5, 8, 5, 10.5], "texture": "#1"},
				"south": {"uv": [2.5, 8, 5, 10.5], "texture": "#1"},
				"west": {"uv": [2.5, 8, 5, 10.5], "texture": "#1"},
				"up": {"uv": [2.5, 10.5, 0, 8], "texture": "#1"},
				"down": {"uv": [7.5, 8, 5, 10.5], "texture": "#1"}
			}
		},
		{
			"from": [10, 2, 1],
			"to": [15, 7, 6],
			"faces": {
				"north": {"uv": [2.5, 8, 5, 10.5], "texture": "#1"},
				"east": {"uv": [2.5, 8, 5, 10.5], "texture": "#1"},
				"south": {"uv": [2.5, 8, 5, 10.5], "texture": "#1"},
				"west": {"uv": [2.5, 8, 5, 10.5], "texture": "#1"},
				"up": {"uv": [2.5, 10.5, 0, 8], "texture": "#1"},
				"down": {"uv": [7.5, 8, 5, 10.5], "texture": "#1"}
			}
		},
		{
			"from": [9, 4, 2],
			"to": [14, 9, 7],
			"faces": {
				"north": {"uv": [2.5, 8, 5, 10.5], "texture": "#1"},
				"east": {"uv": [2.5, 8, 5, 10.5], "texture": "#1"},
				"south": {"uv": [2.5, 8, 5, 10.5], "texture": "#1"},
				"west": {"uv": [2.5, 8, 5, 10.5], "texture": "#1"},
				"up": {"uv": [2.5, 10.5, 0, 8], "texture": "#1"},
				"down": {"uv": [7.5, 8, 5, 10.5], "texture": "#1"}
			}
		},
		{
			"from": [1, 2, 1],
			"to": [6, 7, 6],
			"faces": {
				"north": {"uv": [2.5, 8, 5, 10.5], "texture": "#1"},
				"east": {"uv": [2.5, 8, 5, 10.5], "texture": "#1"},
				"south": {"uv": [2.5, 8, 5, 10.5], "texture": "#1"},
				"west": {"uv": [2.5, 8, 5, 10.5], "texture": "#1"},
				"up": {"uv": [2.5, 10.5, 0, 8], "texture": "#1"},
				"down": {"uv": [7.5, 8, 5, 10.5], "texture": "#1"}
			}
		},
		{
			"from": [-0.01, -0.01, -0.01],
			"to": [5.01, 5.01, 5.01],
			"faces": {
				"north": {"uv": [2.5, 8, 5, 10.5], "texture": "#1"},
				"east": {"uv": [2.5, 8, 5, 10.5], "texture": "#1"},
				"south": {"uv": [2.5, 8, 5, 10.5], "texture": "#1"},
				"west": {"uv": [2.5, 8, 5, 10.5], "texture": "#1"},
				"up": {"uv": [2.5, 10.5, 0, 8], "texture": "#1"},
				"down": {"uv": [7.5, 8, 5, 10.5], "texture": "#1"}
			}
		},
		{
			"from": [2, 4, 2],
			"to": [7, 9, 7],
			"faces": {
				"north": {"uv": [2.5, 8, 5, 10.5], "texture": "#1"},
				"east": {"uv": [2.5, 8, 5, 10.5], "texture": "#1"},
				"south": {"uv": [2.5, 8, 5, 10.5], "texture": "#1"},
				"west": {"uv": [2.5, 8, 5, 10.5], "texture": "#1"},
				"up": {"uv": [2.5, 10.5, 0, 8], "texture": "#1"},
				"down": {"uv": [7.5, 8, 5, 10.5], "texture": "#1"}
			}
		},
		{
			"from": [-0.01, -0.01, 10.99],
			"to": [5.01, 5.01, 16.01],
			"rotation": {"angle": 0, "axis": "y", "origin": [2.5, 2.5, 13.5]},
			"faces": {
				"north": {"uv": [2.5, 8, 5, 10.5], "texture": "#1"},
				"east": {"uv": [2.5, 8, 5, 10.5], "texture": "#1"},
				"south": {"uv": [2.5, 8, 5, 10.5], "texture": "#1"},
				"west": {"uv": [2.5, 8, 5, 10.5], "texture": "#1"},
				"up": {"uv": [2.5, 10.5, 0, 8], "texture": "#1"},
				"down": {"uv": [7.5, 8, 5, 10.5], "texture": "#1"}
			}
		},
		{
			"from": [2, 4, 9],
			"to": [7, 9, 14],
			"faces": {
				"north": {"uv": [2.5, 8, 5, 10.5], "texture": "#1"},
				"east": {"uv": [2.5, 8, 5, 10.5], "texture": "#1"},
				"south": {"uv": [2.5, 8, 5, 10.5], "texture": "#1"},
				"west": {"uv": [2.5, 8, 5, 10.5], "texture": "#1"},
				"up": {"uv": [2.5, 10.5, 0, 8], "texture": "#1"},
				"down": {"uv": [7.5, 8, 5, 10.5], "texture": "#1"}
			}
		},
		{
			"from": [1, 2, 10],
			"to": [6, 7, 15],
			"faces": {
				"north": {"uv": [2.5, 8, 5, 10.5], "texture": "#1"},
				"east": {"uv": [2.5, 8, 5, 10.5], "texture": "#1"},
				"south": {"uv": [2.5, 8, 5, 10.5], "texture": "#1"},
				"west": {"uv": [2.5, 8, 5, 10.5], "texture": "#1"},
				"up": {"uv": [2.5, 10.5, 0, 8], "texture": "#1"},
				"down": {"uv": [7.5, 8, 5, 10.5], "texture": "#1"}
			}
		},
		{
			"from": [10.99, -0.01, 10.99],
			"to": [16.01, 5.01, 16.01],
			"faces": {
				"north": {"uv": [2.5, 8, 5, 10.5], "texture": "#1"},
				"east": {"uv": [2.5, 8, 5, 10.5], "texture": "#1"},
				"south": {"uv": [2.5, 8, 5, 10.5], "texture": "#1"},
				"west": {"uv": [2.5, 8, 5, 10.5], "texture": "#1"},
				"up": {"uv": [2.5, 10.5, 0, 8], "texture": "#1"},
				"down": {"uv": [7.5, 8, 5, 10.5], "texture": "#1"}
			}
		},
		{
			"from": [10, 2, 10],
			"to": [15, 7, 15],
			"faces": {
				"north": {"uv": [2.5, 8, 5, 10.5], "texture": "#1"},
				"east": {"uv": [2.5, 8, 5, 10.5], "texture": "#1"},
				"south": {"uv": [2.5, 8, 5, 10.5], "texture": "#1"},
				"west": {"uv": [2.5, 8, 5, 10.5], "texture": "#1"},
				"up": {"uv": [2.5, 10.5, 0, 8], "texture": "#1"},
				"down": {"uv": [7.5, 8, 5, 10.5], "texture": "#1"}
			}
		},
		{
			"from": [9, 4, 9],
			"to": [14, 9, 14],
			"faces": {
				"north": {"uv": [2.5, 8, 5, 10.5], "texture": "#1"},
				"east": {"uv": [2.5, 8, 5, 10.5], "texture": "#1"},
				"south": {"uv": [2.5, 8, 5, 10.5], "texture": "#1"},
				"west": {"uv": [2.5, 8, 5, 10.5], "texture": "#1"},
				"up": {"uv": [2.5, 10.5, 0, 8], "texture": "#1"},
				"down": {"uv": [7.5, 8, 5, 10.5], "texture": "#1"}
			}
		},
		{
			"from": [2.99, 6.99, 2.99],
			"to": [5.01, 16.01, 5.01],
			"faces": {
				"north": {"uv": [8, 14, 12.5, 15], "rotation": 90, "texture": "#1"},
				"east": {"uv": [7.5, 15, 12, 16], "rotation": 90, "texture": "#1"},
				"south": {"uv": [8, 14.5, 12.5, 15.5], "rotation": 90, "texture": "#1"},
				"west": {"uv": [7.5, 14, 12, 15], "rotation": 90, "texture": "#1"},
				"up": {"uv": [9.5, 15.5, 8.5, 14.5], "texture": "#1"},
				"down": {"uv": [13.5, 14, 12.5, 15], "texture": "#1"}
			}
		},
		{
			"from": [2.99, 6.99, 10.99],
			"to": [5.01, 16.01, 13.01],
			"faces": {
				"north": {"uv": [7.5, 14, 12, 15], "rotation": 90, "texture": "#1"},
				"east": {"uv": [8.5, 14, 13, 15], "rotation": 90, "texture": "#1"},
				"south": {"uv": [7.5, 15, 12, 16], "rotation": 90, "texture": "#1"},
				"west": {"uv": [8, 14.5, 12.5, 15.5], "rotation": 90, "texture": "#1"},
				"up": {"uv": [9.5, 16, 8.5, 15], "texture": "#1"},
				"down": {"uv": [8.5, 15, 7.5, 16], "texture": "#1"}
			}
		},
		{
			"from": [10.99, 6.99, 10.99],
			"to": [13.01, 16.01, 13.01],
			"faces": {
				"north": {"uv": [7.5, 14, 12, 15], "rotation": 90, "texture": "#1"},
				"east": {"uv": [8, 14.5, 12.5, 15.5], "rotation": 90, "texture": "#1"},
				"south": {"uv": [7.5, 14.5, 12, 15.5], "rotation": 90, "texture": "#1"},
				"west": {"uv": [8.5, 14, 13, 15], "rotation": 90, "texture": "#1"},
				"up": {"uv": [8.5, 16, 7.5, 15], "texture": "#1"},
				"down": {"uv": [11.5, 15, 10.5, 16], "texture": "#1"}
			}
		},
		{
			"from": [10.99, 6.99, 2.99],
			"to": [13.01, 16.01, 5.01],
			"faces": {
				"north": {"uv": [7.5, 14.5, 12, 15.5], "rotation": 90, "texture": "#1"},
				"east": {"uv": [8.5, 14.5, 13, 15.5], "rotation": 90, "texture": "#1"},
				"south": {"uv": [7.5, 15, 12, 16], "rotation": 90, "texture": "#1"},
				"west": {"uv": [8.5, 15, 13, 16], "rotation": 90, "texture": "#1"},
				"up": {"uv": [10.5, 15, 9.5, 14], "texture": "#1"},
				"down": {"uv": [13.5, 14.5, 12.5, 15.5], "texture": "#1"}
			}
		},
		{
			"from": [10.99, 13.99, 4.99],
			"to": [13.01, 16.01, 11.01],
			"faces": {
				"north": {"uv": [8, 14.5, 9, 15.5], "texture": "#1"},
				"east": {"uv": [8.5, 14.5, 11.5, 15.5], "texture": "#1"},
				"south": {"uv": [10, 14.5, 11, 15.5], "texture": "#1"},
				"west": {"uv": [9, 14.5, 12, 15.5], "texture": "#1"},
				"up": {"uv": [12.5, 15.5, 9.5, 14.5], "rotation": 90, "texture": "#1"},
				"down": {"uv": [9, 16, 12, 15], "rotation": 90, "texture": "#1"}
			}
		},
		{
			"from": [10.99, 5.99, 4.99],
			"to": [13.01, 8.01, 11.01],
			"faces": {
				"north": {"uv": [10.5, 14.5, 11.5, 15.5], "texture": "#1"},
				"east": {"uv": [8.5, 15, 11.5, 16], "texture": "#1"},
				"south": {"uv": [8, 14.5, 9, 15.5], "texture": "#1"},
				"west": {"uv": [7.5, 14, 10.5, 15], "texture": "#1"},
				"up": {"uv": [13, 16, 10, 15], "rotation": 90, "texture": "#1"},
				"down": {"uv": [9, 15.5, 12, 14.5], "rotation": 90, "texture": "#1"}
			}
		},
		{
			"from": [2.99, 13.99, 4.99],
			"to": [5.01, 16.01, 11.01],
			"faces": {
				"north": {"uv": [9, 14.5, 10, 15.5], "texture": "#1"},
				"east": {"uv": [9, 14.5, 12, 15.5], "texture": "#1"},
				"south": {"uv": [9.5, 14.5, 10.5, 15.5], "texture": "#1"},
				"west": {"uv": [8.5, 14.5, 11.5, 15.5], "texture": "#1"},
				"up": {"uv": [11, 15, 8, 14], "rotation": 90, "texture": "#1"},
				"down": {"uv": [8.5, 15.5, 11.5, 14.5], "rotation": 90, "texture": "#1"}
			}
		},
		{
			"from": [2.99, 5.99, 4.99],
			"to": [5.01, 8.01, 11.01],
			"faces": {
				"north": {"uv": [12, 15, 13, 16], "texture": "#1"},
				"east": {"uv": [10.5, 14.5, 13.5, 15.5], "texture": "#1"},
				"south": {"uv": [10, 15, 11, 16], "texture": "#1"},
				"west": {"uv": [10.5, 14.5, 13.5, 15.5], "texture": "#1"},
				"up": {"uv": [13, 15.5, 10, 14.5], "rotation": 90, "texture": "#1"},
				"down": {"uv": [10.5, 16, 13.5, 15], "rotation": 90, "texture": "#1"}
			}
		},
		{
			"from": [4.99, 13.99, 2.99],
			"to": [11.01, 16.01, 5.01],
			"faces": {
				"north": {"uv": [9.5, 14.5, 12.5, 15.5], "texture": "#1"},
				"east": {"uv": [11, 15, 12, 16], "texture": "#1"},
				"south": {"uv": [8, 15, 11, 16], "texture": "#1"},
				"west": {"uv": [8, 14.5, 9, 15.5], "texture": "#1"},
				"up": {"uv": [12, 16, 9, 15], "texture": "#1"},
				"down": {"uv": [12, 14.5, 9, 15.5], "texture": "#1"}
			}
		},
		{
			"from": [4.99, 5.99, 2.99],
			"to": [11.01, 8.01, 5.01],
			"faces": {
				"north": {"uv": [8, 14.5, 11, 15.5], "texture": "#1"},
				"east": {"uv": [7.5, 15, 8.5, 16], "texture": "#1"},
				"south": {"uv": [9, 14, 12, 15], "texture": "#1"},
				"west": {"uv": [11.5, 14.5, 12.5, 15.5], "texture": "#1"},
				"up": {"uv": [13, 15.5, 10, 14.5], "texture": "#1"},
				"down": {"uv": [11.5, 14.5, 8.5, 15.5], "texture": "#1"}
			}
		},
		{
			"from": [4.99, 13.99, 10.99],
			"to": [11.01, 16.01, 13.01],
			"faces": {
				"north": {"uv": [9, 14, 12, 15], "texture": "#1"},
				"east": {"uv": [11, 14.5, 12, 15.5], "texture": "#1"},
				"south": {"uv": [9, 15, 12, 16], "texture": "#1"},
				"west": {"uv": [12, 14.5, 13, 15.5], "texture": "#1"},
				"up": {"uv": [11, 16, 8, 15], "texture": "#1"},
				"down": {"uv": [11.5, 14, 8.5, 15], "texture": "#1"}
			}
		},
		{
			"from": [4.99, 5.99, 10.99],
			"to": [11.01, 8.01, 13.01],
			"faces": {
				"north": {"uv": [9, 14.5, 12, 15.5], "texture": "#1"},
				"east": {"uv": [7.5, 14.5, 8.5, 15.5], "texture": "#1"},
				"south": {"uv": [8.5, 14, 11.5, 15], "texture": "#1"},
				"west": {"uv": [11.5, 15, 12.5, 16], "texture": "#1"},
				"up": {"uv": [13.5, 15.5, 10.5, 14.5], "texture": "#1"},
				"down": {"uv": [11.5, 15, 8.5, 16], "texture": "#1"}
			}
		}
	],
	"display": {
		"thirdperson_righthand": {
			"rotation": [70, 44, 0],
			"scale": [0.4, 0.4, 0.4]
		},
		"thirdperson_lefthand": {
			"rotation": [70, 45, 0],
			"scale": [0.4, 0.4, 0.4]
		},
		"firstperson_righthand": {
			"scale": [0.4, 0.4, 0.4]
		},
		"firstperson_lefthand": {
			"scale": [0.4, 0.4, 0.4]
		},
		"ground": {
			"scale": [0.3, 0.3, 0.3]
		},
		"gui": {
			"rotation": [30, 45, 0],
			"scale": [0.6, 0.6, 0.6]
		},
		"head": {
			"translation": [0, 12, 0],
			"scale": [0.8, 0.8, 0.8]
		}
	},
	"groups": [
		{
			"name": "pillar 1",
			"origin": [0, 0, 0],
			"color": 0,
			"nbt": "{}",
			"children": [0, 1, 2]
		},
		{
			"name": "pillar 2",
			"origin": [0, 0, 0],
			"color": 0,
			"nbt": "{}",
			"children": [3, 4, 5]
		},
		{
			"name": "pillar 3",
			"origin": [0, 0, 0],
			"color": 0,
			"nbt": "{}",
			"children": [6, 7, 8]
		},
		{
			"name": "pillar 4",
			"origin": [0, 0, 0],
			"color": 0,
			"nbt": "{}",
			"children": [9, 10, 11]
		},
		{
			"name": "cage",
			"origin": [0, 0, 0],
			"color": 0,
			"nbt": "{}",
			"children": [12, 13, 14, 15, 16, 17, 18, 19, 20, 21, 22, 23]
		}
	]
}