{"textures":{"0":"bil:item/showmaster/showmaster_hurt","1":"bil:item/showmaster/showmaster_hurt"},"elements":[{"from":[6.0,-4.0,6.0],"to":[10.0,8.0,10.0],"faces":{"up":{"texture":"#0","tintindex":0,"uv":[5.0,5.125,4.5,4.625]},"west":{"texture":"#0","tintindex":0,"uv":[5.0,5.125,5.5,6.625]},"east":{"texture":"#0","tintindex":0,"uv":[4.0,5.125,4.5,6.625]},"south":{"texture":"#0","tintindex":0,"uv":[5.5,5.125,6.0,6.625]},"down":{"texture":"#0","tintindex":0,"uv":[5.5,4.625,5.0,5.125]},"north":{"texture":"#0","tintindex":0,"uv":[4.5,5.125,5.0,6.625]}},"rotation":{"axis":"y","angle":0.0,"origin":[6.0,-4.0,8.0]}}],"display":{"head":{"rotation":[0.0,180.0,0.0]}}}